message_id,channel_name,channel_title,message_date,message_text,has_media,image_path,views,forwards
189058,tikvahpharma,Tikvah | Pharma,2026-01-20T13:50:44+00:00,"á‹¨á‰»áŠ“áˆ áŒá‰¥á‹£:
(áˆˆá‹áˆ­áˆ› áˆ›áŠ¨á‹áˆá‹«á‹á‰½ á‰¥á‰») 

á‹¨áˆ˜á‹µáŠƒáŠ’á‰µáŠ“ á‹¨áˆ…áŠ­áˆáŠ“ áŠ¥á‰ƒá‹á‰½ á‹‹áŒ‹ á‰ á‹¨á‰€áŠ‘ áŠ á‹­á‹°áˆˆáˆ á‰ á‹¨áˆµá‹“á‰± á‰ áˆšá‰€á‹«á‹¨áˆ­á‰ á‰µ á‰ á‹šáˆ… á‹ˆá‰…á‰µ á‹¨áˆáˆ­á‰µáŠ“ á‹‹áŒ‹áŠ• áˆáŠ”á‰³ áˆ˜áŠ¨á‰³á‰°áˆ áŠ¥áŒ…áŒ áŠ áˆµáˆáˆ‹áŒŠ áŠá‹á¢ 

áˆµáˆˆá‹šáˆ… á‹¨áˆ˜á‹µáŠƒáŠ’á‰µ áˆ›áŠ¨á‹áˆá‹«á‹á‰½ á‰¥á‰»(only) Join request áˆ‹áŠ©áˆáŠ•á¢
ğŸ‘‡
https://t.me/+Oi2lTIrhZIgzNDNk

For approval purpose 
Please send your WS license 
to: @tikvah_sales",True,data\raw\images\tikvahpharma\189058.jpg,1118,5
189057,tikvahpharma,Tikvah | Pharma,2026-01-20T13:43:15+00:00,"ğŸ„ Upgrade to Telegram Premium Today! ğŸŒ²Â  

ğŸ Enjoy exclusive features, faster performance, and an adâ€‘free experience with Telegram Premium. Choose the plan that works best for you:Â  

ğŸ… 1 Year â€“ 6,500 ETBÂ  
ğŸ… 6 Months â€“ 4,000 ETBÂ  
ğŸ… 3 Months â€“ 2,900 ETBÂ  

âœ¨ With Telegram Premium, youâ€™ll unlock:Â  
- Double limits for channels, groups, and filesÂ  
- Faster downloads and priority accessÂ  
- Advanced chat management toolsÂ  
- Unique stickers, reactions, and profile badgesÂ  
- An adâ€‘free, seamless experienceÂ  

ğŸ“© For subscription details or to get started, contact:Â  
@tesphaÂ  
ğŸ“ +251 917 176 560",False,,218,0
189056,tikvahpharma,Tikvah | Pharma,2026-01-20T12:10:33+00:00,"NEW  JOB.  VACCANCY
 13/05/2018
MEDICAL DOCTOR 1 YEARS  PLACE  BUTAGERA  30,000eTB PLUS
SENIOR PHARMACIST WZ LICENSE DISPENSING
 GERJI
BOLE ARABESA
22
KOLEFE
POYASSA
PAR TIMER
GEMMO MIKHAEL
MEKANISA
BOLE  MIDEHANWYALEM
JUNIOR  PHARMACY 1 YEARS DISPENNSING
 ABADO
HAYET
JAKIROS
GEMMO MIKHAEL
CONTACT AS 0983848/60/0908299838",True,data\raw\images\tikvahpharma\189056.jpg,359,1
189055,tikvahpharma,Tikvah | Pharma,2026-01-20T12:02:48+00:00,"âœ…New arrival 

ğŸ‘Diazepam BP 10mg/2ml injection
Â  ğŸ“¦ 1200 Amp
Â  ğŸ—“ 11/2028 
Â  ğŸ’µ 200birr



____
Contact person : AHMED 
ğŸ“ Contact :Â  0972690000
Â Â Â Â Â Â Â Â Â Â Â Â Â Â Â Â Â Â Â Â Â Â Â Â Â 0965672701

ğŸŸ¦For updated stock , Join usÂ  | Click â†ªï¸Â  : https://t.me/Ahmx03",True,data\raw\images\tikvahpharma\189055.jpg,278,0
189054,tikvahpharma,Tikvah | Pharma,2026-01-20T09:28:05+00:00,"20-01-26
Currently available Drugs 


ğŸ’Š. Dicloran tab 50mg
ğŸ“¦ 100pack
â³ Jul-28 
Â Â  5carton diclo with 1carton.Â Â Â  L-Iron attachment 


ğŸ’Š.paracetamol syr
ğŸ“¦ 150bott
â³ Jun-28

ğŸ’Š.L-Iron syrupÂ Â  (Iron+folic acid+
Â Â Â Â Â  VitB12+zinc)
ğŸ“¦ 72 bottles 
â³ Feb-27


ğŸ’Š.Pregabalin 75mg(Neurolin)
ğŸ“¦ 360pack
â³ Dec-27

ğŸ’Š. Co-trimox susp(Iftrim)
ğŸ“¦ 100 bottles 
â³08-27
Cotrimoxazol oral suspensionÂ  attached with L ironÂ  ratio 4:1

ğŸ’Š. Indomethacin 100mg supp
Â Â Â Â Â Â  (Indocor)
ğŸ“¦ 160 pack
â³ 11/2027
 
ğŸ’Š. Disp. Syringe 3cc
ğŸ“¦ 100 pcs
â³ 01/2029

ğŸ’Š. Disp. Syringe 5cc
ğŸ“¦ 100 pcs
â³ 01/2029

ğŸ’Š. Disp. Syringe 10cc
ğŸ“¦ 100 pcs
â³ 01/2029

ğŸ’Š. Surg. Glove powdered
ğŸ“¦ 50 pairs 
â³ 01/2029
Â Â 
ğŸ’Š. Surg Glove powder free
ğŸ“¦ 50 pairs
â³ 01/2029 

ğŸ’Š. Urine bag 2000ml
ğŸ“¦ 
â³ 4/2029

ğŸ’Š. ECG machine 1212G
Â  *Adopt 10.1 high resolution colour LCD operate by full-touch screen & function buttons.
* ECG that can simultaneously capture & print 12 lead ECG wave forms.
*Auto measurements & auto -interpretation for routine ECG parameters.

ğŸ’Š. Pulse Oximeter finger tip
Â Â Â Â Â Â  Model CMS5OD

ğŸ”°Update Items ğŸ”°

âœ…ï¸Diclofenac 75mg inj (Reyoung)
âœ…ï¸Amoxa 500mg 10*10
âœ…ï¸Ampi cap 500mg 10*10
âœ…ï¸Doxy Cap 100mg 10*10
âœ…ï¸Cloxa 500mg 10*50
âœ…ï¸Ceftra WFI
âœ…ï¸Cefixime syrup 60ml
âœ…ï¸Haemup syrup 200ml 
âœ…ï¸Vancomycin 1gm
âœ…ï¸Dextro syrup
âœ…ï¸Diphen syrup 
âœ…ï¸Moxipile 156mg
âœ…ï¸Moxipile 312mg & 457mg syrup
âœ…ï¸Clavamya 156mg syrup
âœ…ï¸Clavamya 228mg
âœ…ï¸Salbutamol puff
âœ…ï¸Keto shampo 100ml
âœ…ï¸Ns with 6iv and 12iv set
âœ…ï¸Gauze 90*100
âœ…ï¸Syringe...10cc(Discount)
âœ…ï¸Magnus Binocular Microscope 
âœ…ï¸Exam glove powdered & free Discount price

Sinishaw (pharmacist)

Â Â Â  â˜ï¸ :-0911884446
Â Â Â  â˜ï¸Â  :-0903327887",False,,404,1
189053,tikvahpharma,Tikvah | Pharma,2026-01-20T08:01:26+00:00,"TO BE SOLD PHARMAC
12/05/2018
PIYASSA
ALEM BANK
BOLEBULEBULA
HAILE GAREMENT
ATE
NA TERA
SEMET
HAYET 49
BISRATE GEBERHAEL
GERMEN
0983848760/0908299830",True,data\raw\images\tikvahpharma\189053.jpg,418,1
189052,tikvahpharma,Tikvah | Pharma,2026-01-20T07:55:06+00:00,"NEW JOB  VACCANCY
12/05/2018
 SENIOR PHARMACIAT WZ LICENSE DISPNSONG
1/ SIGNALE
2/PIYASSA
3/MEGGENAGNA
4/LEBU   MEBERAT
PAR TIMER
 1/GORO
2/MEKANISA
3/SEMET
4/GEMMO MIKHAEL
5/BOLE MEDHANNEYALEM
JJUNIOR PHARMACY  6-1. YEARS DISPENSING
 1/ABADO
2/GAKIROS
3/HEMMO MIKHAEL
4/HAYATE
JJUNIOR PHAEMACY  0. YEARS  DISPPENSING ASKO
MEDICAL DOCTOR  1 YEARS PLACE BUTAGERA 30,000 ETB  PLUS
CONTACT AS 0983848760/0908299838ğŸ™",False,,372,0
189051,tikvahpharma,Tikvah | Pharma,2026-01-20T07:50:00+00:00,"#Basic_Abdominal_Ultrasound_Training
@ASOSA
#áŠ¨_áŒ¥áˆ­_27_áŒ€áˆáˆ® _á‹­áˆ°áŒ£áˆ!

ğŸ”¶ğŸ”¶ğŸ”¶ğŸ”¶ğŸ”¶ğŸ”¶ğŸ”¶ğŸ”¶ğŸ”¶ğŸ”¶
ğŸ‘‰áŠ á‹˜áŒ‹áŒ…-Ethio-AmericanÂ  Health Consultancy & CPD Center.

ğŸ‘‰áˆ°áˆáŒ£áŠá‰½-PHYSICIANS,MRT...

Â Â  ğŸ“²0965412222 Dr.Shalom(@EAHC22)
Â Â  ğŸ“²0941404444 Daye(@EAHC0941)
Â Â Â  â˜ï¸0462124400 Office
Â Â  ğŸ“²0942404444 Tenbit(@EAHC0942)
Â Â  ğŸ“²0965410000Â Ekram(@EAHC00)
ğŸ‘‰áˆ›áˆµá‰³á‹ˆáˆ» :-only a few spots are available 
:-t.me/eahci",True,data\raw\images\tikvahpharma\189051.jpg,38614,16
189050,tikvahpharma,Tikvah | Pharma,2026-01-20T06:47:00+00:00,"âœ… Free Glucometer ğŸ˜ 

ğŸ‘ŒFor every 10box test strip 1 Glucometer will be given 


ğŸ‘Sinocare blood glucose test strip
| 50 strip/ box 
Â Â Â  ğŸ“¦ 100 boxes
Â Â Â  ğŸ—“ 05/27
Â Â Â  ğŸ’µ 880birr



_
Contact person : AHMED 
ğŸ“ Contact :Â  0980294062
Â Â Â Â Â Â Â Â Â Â Â Â Â Â Â Â Â Â Â Â Â Â Â Â Â 0965672701",True,data\raw\images\tikvahpharma\189050.jpg,343,0
189049,tikvahpharma,Tikvah | Pharma,2026-01-20T06:31:09+00:00,"NURSE

experience 0 year and above

Qualification:Â degree and diplom

Â Â Â Â Â Â Â  Work area


(1) gotera

(2) torhayloch

(3) 22

(4) hayat

(5) 4kilo

(6) bole

(7) gerji

(8) kasanchis 

(9) kera

(10) lancha

(11) kotebe




# pharmacist

Experiance 3 years and above

Â Â  Work area 

(1) 22

(2) 6kilo

(3) piasa

(4) Mecsiko

(5) holeta

(6) gerji

(7) hayat 49

(8) Atana tera 





Â 
InfoÂ  * 0960090500 & 0941443030
áˆ˜áŒˆáŠ“áŠ› áˆˆáˆ áˆ†á‰´áˆ á‰¶á‰³áˆ áˆ›á‹°á‹« áŠ áŒ áŒˆá‰¥ áˆˆáŒˆáˆ° áˆáˆˆá‰€ áˆ…áŠ•áŒ» 212 Maleda HRÂ 

12/5/18",False,,309,0
189048,tikvahpharma,Tikvah | Pharma,2026-01-20T06:28:07+00:00,"ğŸŒ€MEDIX PHARMA PLC
===================

â­ï¸ NEW ARRIVALS MEDICAL""SUPPLIES''

ğŸ“£âœ”ï¸First Aid Plaster of 100Â ğŸ©¹
â€¢ Size: 72*19mm
1ctnğŸ“¦: 100box
â€¢ Ex:D: 26/10/2030
ğŸ’°price Attractive!

âœ”ï¸Disposal 3layer face mask
:Blue ColorÂ©ï¸

âœ”ï¸Examination GlovesÂ 
Powder free&powdered 
:SRITRANGÂ©ï¸

âœ”ï¸Vicryl 3 0 cutting

âœ”ï¸ECG Paper (215x30m)/ Roll

âœ”ï¸ECG Paper (210x30m)/ Roll

âœ”ï¸Ultrasound Paper(110*20m

âœ”ï¸ECG A4 (100 Pages)

âœ”ï¸TwistedÂ  Blood lancet of 100

âœ”ï¸Automatic blood lancet of 100

â­ï¸HOSPITAL FURNITURE&
EQUIPMENTS IMPORTED
========================== 
âœ”ï¸Crash cart/Emergency Trolley

âœ”ï¸Lab chair with backrest 

âœ”ï¸Lab chair with adjustable

âœ”ï¸hospital gust chiar 3 seater

âœ”ï¸Medical bedside cabinet

âœ”ï¸Electrical Operating TableÂ  

âœ”ï¸Manual patient bed 2 function

âœ”ï¸Manual patient bed 3 function

âœ”ï¸Electrical ICU bed 3 function

â­ï¸Latest Medical Devices 

âœ”ï¸HSG(Hysterosalpingography set
âœ”ï¸Centrifuge D1008 (8 Holes)Â  

âœ”ï¸Centrifuge DM0408 (12 Holes)

âœ”ï¸Shaker SK-O180

âœ”ï¸Roller MX-T6-SÂ  

âœ”ï¸ECG Machine -CM1200A
Â  
âœ”ï¸Patient Monitor -Star 8000EÂ  

âœ”ï¸Ventilator Machine -V3Â  

âœ”ï¸Anesthesia Machine -AX-500Â 

âœ”ï¸medical oxygen gauge

ğŸ“ Order Now

ğŸššâ˜ï¸ğŸ…•ğŸ…¡ğŸ…”ğŸ…” &ğŸ…•ğŸ…ğŸ…¢ğŸ…£ ğŸ…“ğŸ…”ğŸ…›ğŸ…˜ğŸ…¥ğŸ…”ğŸ…¡ğŸ…¨!

+251912455043 [AbebawğŸ§‘â€ğŸ’¼ğŸ’¼]
+251987623030
+251989944404
+251900826041[Mercy]
+251985878759
+251985878736 [Fikre]
âœ‰ï¸ @Abebaw_Bâœ‰ï¸
Â âœ‰ï¸Â @MEDIX_IMPORT
ğŸ’Œ medixpharmaplc@gmail.com
ğŸŒ@MEDIXPHARMACEUTICAlS
ğŸŒ@MEDIXPHARMAIMPORT
https://t.me/MEDIXPHARMACEUTICAlS",True,,284,0
189047,tikvahpharma,Tikvah | Pharma,2026-01-20T05:18:34+00:00,"ğŸ© MTÂ  PHARMA IMPORT

NEW ARRIVAL 

â‡ï¸Amoxa 500mg 10x10 ğŸ’µ530
â‡ï¸Paracetamol Tab 10x10 ğŸ’µ110
ğŸ‘‰Pcm tab starting from 900pkğŸ’µ108
â‡ï¸Ibuprofen tab 400mg ğŸ’µ280
â‡ï¸Ibuprofen syrupÂ  ğŸ’µ85
â‡ï¸Cloxacillin 500mg 50x10ğŸ’µ3900
â‡ï¸Vancomycin 1gm ğŸ’µ347
â‡ï¸Meloxicam 15mg 2Ã—10ğŸ’µ125
â‡ï¸Bisacodyl tablet 5mg10x10ğŸ’µ600
â‡ï¸Cipro eye /ear drop 5ml ğŸ’µ60
â‡ï¸Salbutamol puffÂ  ğŸ’µ190
â‡ï¸Tindazole 500Mg 10x10 ğŸ’µ450
â‡ï¸Pantoprazole 40mg tab ğŸ’µ330
Â  ===========
âœ…ï¸Amoxa 250mg SyrupÂ  ğŸ’µ115
â‡ï¸Cefalexin 250mg/5ml ğŸ’µ350
â‡ï¸Clavamyn 156.25mg/5mlğŸ’µ175
â‡ï¸ClavamynÂ  228.5 mg/5mğŸ’µ205
â‡ï¸Cldomox 312.5mg/5mlğŸ’µ335
â‡ï¸Clavamyn 457 mg/5mlğŸ’µ330
=================
â‡ï¸Diclo injection ğŸ’µ650
â‡ï¸Diazepam BP 10mg/2ml injğŸ’µ200
â‡ï¸Ampicillin InjectionÂ  Box of 50 vial ğŸ’µ3,000 birr
With attachment 2,400 birr
â™¤1 pk Risperidone 2mg 450birr or
â™¤2 pks Folic Acid 5mgÂ  285birr
âœ…First Aid Plaster of 100Â ğŸ©¹ 
â€¢ Size: 72*19mmğŸ’µ400/box
â‡ï¸Cefepime injÂ Â  ğŸ’µ185
â‡ï¸Lidocain Injection 20ml ğŸ’µ105
â‡ï¸TATÂ  1500iu injÂ Â Â  ğŸ’µ400
â‡ï¸Bupivacaine inj ğŸ’µ250
â‡ï¸Metoclopramide inj ğŸ’µ85
â‡ï¸Ceftriaxone with Sulbactam ğŸ’µ175
â‡ï¸40% (plastic)ğŸ’µ23 5boxğŸ’µ22
â‡ï¸Metoclopramide drop ğŸ’µ120
â‡ï¸Nexap 40mgÂ  ğŸ’µ157
â‡ï¸Metformin 500mg ğŸ’µ150
â‡ï¸LoratidinÂ  10mgÂ  ğŸ’µ195
â‡ï¸Phenobarbital 100mg 10Ã—15ğŸ’µ900
===============
â‡ï¸Ketoconazol cream 20g ğŸ’µ78
â‡ï¸Nitrofurazon oint 30gm ğŸ’µ102
â‡ï¸Nitrofurazone Oint 50gm ğŸ’µ110
â‡ï¸Hydrocortison cream 15gmğŸ’µ82
â‡ï¸Hydrocortison ointment ğŸ’µ88
â‡ï¸Cipro eye drop ğŸ’µ57
â‡ï¸Carmellose eye drop ğŸ’µ175 

âœ…Hyoscine 10mg tab ğŸ’µ585
âœ…Nifidipine 20mg ğŸ’µ153
âœ…Furosemide 40mg tabÂ  ğŸ’µ185
âœ…Amoxa 500mg 50x10 ğŸ’µ2800
âœ…Nexap 20mg ğŸ’µ117
âœ…PTU 100mg tab ğŸ’µ585
âœ…Esmoprazol 20mg 10x10ğŸ’µ410
âœ…X-WORMÂ  ğŸ’µ23.50
âœ…Secnidazole 500mgÂ  ğŸ’µ45
âœ…Losartan 50mg tab10x10 ğŸ’µ450
âœ…AMVASC 5mg 3Ã—10 ğŸ’µ86
âœ…Amlodipine 5mg 10x10 ğŸ’µ138
âœ…Amlodipine 10mg 10x10 ğŸ’µ230
âœ…AtorvaÂ  20mg 10x10 ğŸ’µ325
âœ…Atrova 40mg 10x10 ğŸ’µ400
âœ…Hydrocortisone 25mg tab ğŸ’µ90
âœ…Chlopheniramine tab ğŸ’µ135
âœ…Sulbutamol tab ğŸ’µ130
âœ…Folic Acid 5mg ğŸ’µ285
âœ…Ferrous with folic tab ğŸ’µ156
âœ…Risperidone tab 2mg ğŸ’µ450

âœ…Dextro (DEXGLO)Â  ğŸ’µ76
âœ…ï¸Diphen syrupÂ Â  ğŸ’¶70
âœ…Chloroquine syrup ğŸ’µ94
âœ…Guaifenesine syrup ğŸ’µ70

âœ…ï¸Tranexamic acid 500mg/5ml inj 
ğŸ’µ160
âœ…Benzatin pen.2.4 iuÂ  ğŸ’µ59
âœ…Metronidazole ivÂ  ğŸ’µ50 
âœ…Paracetamol ivÂ  ğŸ’µ120
âœ…Oxytocin 10iu/ml injÂ  ğŸ’µ140
âœ…Ketamin HCL injÂ  ğŸ’µ450
âœ…HEPARIN InjÂ  ğŸ’µ590
Â Â Â Â 
âœ…Clotrimazole cream 15gm ğŸ’µ49
âœ…Clotrimazole cream 20g ğŸ’µ52
âœ…Diclofenic Gel Cream 15gm ğŸ’µ55
âœ…MometasonÂ  cream 15gm ğŸ’µ55
âœ…clobetasol cream15gm ğŸ’µ55
âœ…Mebo HerbalÂ  ointment ğŸ’µ570

âœ…Ketoconazole shampoÂ  ğŸ’µ208
âœ…Pronucleus F & M soft gel caps ğŸ’µ2200
âœ…Vital Iron Baby Drops ğŸ’µ 329
âœ…Vital cal tab ğŸ’µ545
âœ…Vital Cal syrupÂ  ğŸ’µ375
âœ…Vital Omega soft gel capğŸ’µ580

âœ…zinc oxide plaster 12.5*5 ğŸ’µ230 
âœ…Examination gloves powder free ğŸ’µ630
âœ…Surgical GloveÂ  P.free ğŸ’µ1450
âœ…Syring 3cc 22G ğŸ’µ450
âœ…Syring 5cc 21G ğŸ’µ500
âœ…Syring 10cc 21GğŸ’µ900 &ğŸ‘‡
with attachment urin bagğŸ’µ870
âœ…Syring 20ccÂ  0ff 50ğŸ’µ850
âœ…RDT (AVISURE)of 25 ğŸ’µ850
âœ…RDT (carestare)of 25ğŸ’µ925
Â Â Â 
âœ…WeilflixÂ  ğŸ’µ430Â Â Â Â Â  
âœ…ASOÂ  of 100Â  ğŸ’µ1750
âœ…HCG strip of 50Â Â  ğŸ’µ330
âœ…Hcv Cassette of 25 ğŸ’µ1,200
âœ…Syphilis test strip of 100ğŸ’µ1700
âœ…Hbsag Cassette of 25 ğŸ’µ950
âœ…Urine Depistics test strip ğŸ’µ450
âœ…Urine bag 2000mlÂ  ğŸ’µ44
âœ…HCVÂ test strip of 50Â  ğŸ’µ1290
âœ…HBSAG test strip of 50 ğŸ’µ1040
âœ…H.Pylori Antigen test strip of 25 (Feces)ğŸ’µ1630
âœ…H.Pylo antibody test strip of 50 (Serum) ğŸ’µ1700
âœ…Syphilis test strip of 50(Serum)Â  ğŸ’µ870
âœ…HCG test strip of 100 (Urine) 
ğŸ’µ720
âœ…FOB test Cassette of 50(Feces) ğŸ’µ4000
Â  
âœ…Vicryl 0R ğŸ’µ1100
âœ…Vicryl 1R ğŸ’µ1050
âœ…Vicryl 2RÂ  ğŸ’µ1050
âœ…Vicryl 2/0RÂ  ğŸ’µ900
âœ…Vicryl 2/0CÂ  ğŸ’µ 1000
âœ…Vicryl 3/0CÂ  ğŸ’µ1050
âœ…vicryl 3/0RÂ Â  ğŸ’µ1100
âœ…Vicryl 5/0R ğŸ’µ1200
âœ…Proline 3/0,4/0,5/0,6/0 ğŸ’µ
4000
âœ…Silk 2/0C ğŸ’µ530 âœ…Silk 2/0R ğŸ’µ495
âœ…IV CANULA â™¤16GğŸ’µ1400
â™¤18GğŸ’µ1400 â™¤20GğŸ’µ1450Â  â™¤24GÂ ğŸ’µ1600

âœ…Folley C 2way&3 18GğŸ’µ75 & ğŸ’µ100
âœ…Spinal Needle 22,23,24 ğŸ’µ107
âœ…Endotracheal T 5,4 & 4.5 ğŸ’µ215
âœ…Endotracheal T 7.5 and 8ğŸ’µ110
âœ…Surgical Blade Size 23Â  ğŸ’µ730
âœ…Micoscope Slide Non Frosted of 50 ğŸ’µ170

âœ…NS half iv set ğŸ’µ165
âœ…NS full iv set ğŸ’µ 178
âœ…RL half iv set ğŸ’µ177
âœ…Rl full iv set ğŸ’µ191

ğŸš’Free and Fast delivery 
ğŸ“contact person
Â Â Â Â Â Â Â Â Â Â Â Â Â Â Â  Â  Meski ğŸ“²0912464540
Â Â Â Â Â Â Â Â Â Â Â Â Â Â Â Â Â Â Â Â Â Â Â  Â Â Â Â Â  ğŸ“²0979294941

ğŸ”œğŸ’¬Â  https://t.me/pharminfotack",False,,311,1
189046,tikvahpharma,Tikvah | Pharma,2026-01-20T05:10:07+00:00,"PHARMAKON TRADING HOUSE PLC
Â Â Â Â Â Â Â  10/01/2026

Â Â Â Â Â Â  âœˆï¸ New arrivalÂ  âœˆï¸
ğŸ§¤ Examination glove 
Â Â Â Â Â  ğŸ§¤powdered 
Â Â Â Â Â  ğŸ§¤ powder free 

Â Â  â™Ÿ Lab Kit

1, Urine stripsÂ  of 100.
2, HCG of 50....Â 

1Adhesive Plaster
Â¤7.5*5
Â¤10*5
Â¤ 12.5*5
2First aid plaster

1,Olympus CX 23 MICROSCOPE 
2,Tounge depressors
3,Cover glass 22x22..
4,Pap smar kit/cervical brush
5,Autoclave indicator
6,Esr rack 30 min..
7,Capillary tube with heparin 
8,Automatic lancet

Â Â  â™ŸÂ  Blood Collection Tube
2,EDTA GLASS 
4,EDTA K2 GLASS.(PPT TUBE)
6,HEPARINE tube of100 
7,PT TubeÂ  of 100.


Â Â â™ŸOrthopedic items
1, Cotton Pad
Â Â Â Â  15cm x3m ..
Â Â Â Â Â  10cm x3m....
Â Â  ,Â Â Â  7*3
2,POPÂ  7.5*3
Â Â Â Â Â Â Â Â Â Â Â Â Â  10*3
Â Â Â Â Â Â Â Â Â Â Â Â Â  15*3Â Â Â Â Â Â Â Â Â Â  
3, Elastic bandages
Â Â Â  7.5cm *5m .Â  
Â Â Â  10cm *5m.Â Â  ..

Â Â Â Â Â  â™ŸSUTURINGS
1cut gut 1round..
2,cut gut 2round 
3,cut gut 4/0 Cuttings 
4 cut gut 4/0 Round
8,Silk.4/0 cutting ..
9,Silk 2/0 cutting .
10,Silk 1 round 
11,Silk 2 round 
12,Silk 3/0cutting 
13,vicryl 0round 
14,vicryl 1round 
15,vicryl 2round 
16,vicryl 2/0 round 
18,vicryl 3/0 cutting 

â™Ÿ Laboratory Instruments 

1,Centrifuge 12 hole digital ,(DLAB)
2,Shaker (DLAB)
3,micropipette (DLAB)
Â  Â Â Â  5-50uL
Â Â  Â Â  10-100uL
5,digital.time.....
6,Test tube rack ....
Â Â 
Â Â Â  â™ŸÂ Â  IMMAGING CONSUMABLES 
1,Ultrasound Gel..
2,ultrasound paper110*20m.
3,ECG PAPER 210*295.
4,ECG PAPER 210*140(zfold).
5,ECG paper 210*140mm roll
6,ECG paper 215*30m....
7,ECG paper 215*20m...
8,ECG paper 210*280.z fold .
9,ECG paper 110*140 ..z foldÂ 

Â Â Â Â  â™ŸMEDICAL CONSUMABLE 

1,Epidural kit 18...
2, Endotracheal Tube ..
Â Â Â Â¤Size 2.5, 3, 3.5, 4, 4.5, 5 &Â 5.5Â Â Â Â Â Â 
3,Endotracheal Tube..
Â Â Â Â  Â¤size 6,7 & 7.5Â Â Â Â Â Â Â 
4,IVÂ  Cannula 
Â Â Â Â  Â¤Â Â Â  Size 18..
5,Folly Catheter Two way.
Â Â Â  Â¤Â 18Â Â Â Â 
6,NG Tubes...
Â Â Â Â Â Â Â Â  Â¤ Size 16 &18Â 
7,Spinal needles...
Â Â Â Â  Â Â¤sizeÂ  21,22,23 & 24
8,URINE BAG 2000ML..

Â Â Â  â™ŸGENERAL LAB ITEM
1,Â Sterile swabs of 100...
2,specimen bag of 100...
3,alcohol pad of 100
5,yellow tips of 1000.
6,pasture pipette of 500.
7,petri dish 90mm dia...
8,lense paper 100....
9,Embeding casste white $ green of 250..
10,nnoculation loops 
10Âµl of 100..
1Âµl of 100...
11, cover glass 24*50 of 100.
12, Twisted blood lancet....
13 ,Frosted slideÂ  of 50..
15,Applicator Stick w/out cotton
âœ’ï¸of 1000..
âœ’ï¸of 100...
16,Applicator stick.with cotton of 100
17,capillary tube non heparin
18,E.S.R.pipetes, glass..
19,centrifuge tube 2ml of 500
20,counting chamber.(WBC).
21, Conical tube 15ml.without cup of 100..
22, conical centrifuge tube 15ml with cup of 100...
23, conical centrifuge tube 50m with cup
Â¤of 50...
Â¤ of 25

Â Â  Â Â  â™ŸDust material 
1,sharpÂ  container 5L PLASTIC...
2, Dest Bin plastic 15L PLASTIC..

Â Â Â Â Â  â™ŸSURGICAL BLADES
1,Surgical blades 
Â Â Â Â  Size #10....
2,.Surgical blades
Â  Size #11 ,#15,,#23..
3,Surgical blade 
Â Â  Size #24......
Â Â Â Â 
Â Â Â â™Ÿ FORCEPSÂ Â  $SCISSORS
1mosquito forceps Straight &curvedÂ  12.5cm.
2,Towl clump forceps...
3,scissor curved14.5 str
4 umbilical cord scissor10cm.
5,scissor bl/bl 14.5 cm str
6,Spencer well ligature.scissor 14.5 cm.....
7,gigli handle..
Â Â Â  Â Â â™ŸHospitalÂ  furniture
ğŸª¶Spine board stretcher

@pharmainfocenter
""PHARMAKON-THEÂ  ONE YOU TRUST""
ğŸ“¶ğŸ¤³
0915407070Â Â Â  ÃƒNWAR
0921058468.Â Â Â  NEJIB
0944703333Â Â Â Â  selhadin
0944603333Â Â Â Â  aminat
0944573333Â Â Â Â  Mebirat
0944583333Â Â Â  Mule",False,,263,1
189045,tikvahpharma,Tikvah | Pharma,2026-01-19T21:07:19+00:00,"ğŸ§½AZITHRAA500 â›”limited 
Â Â Â Â  Azithromycin tab 1*3 ) 
Â Â Â Â Â Â Â Â  ğŸ’µÂ  ğŸ“¦1600Â 

ğŸ’‰ğŸ’‰10cc syringe
ğŸ’‰ğŸ’‰5cc syringe
ğŸ’‰ğŸ’‰3cc syringe 
ğŸ’‰ğŸ’‰Insulin syringe 

1. IV cannula 18G, Green= 
2. IV cannula 20G, Pink= 
3. IV cannula 22G, Blue= 
4. IV cannula 24G, Yellow= 
5. Surgical Blade size No.15,24=


ğŸ’‰ Artesunate inje120mg
ğŸ’‰Artesunateinje 60mgÂ 

ğŸ§½Dicloran dicloranğŸ’µ78 ğŸ•° long

ğŸ§¤ğŸ§¤ğŸ§¤ExaminationÂ  Glove 
Â Â Â Â Â Â Â ğŸ’µ 550 limited quantity â›”ï¸

ğŸ’‰ğŸ’‰Duclo injactio ğŸ’µÂ Â Â Â  limited quantity â›”ï¸Â Â Â Â  ğŸ“¦24Â ğŸ•°2028

1.Â  plaster 10*5=Â Â  ğŸ“¦ 180
2. plaster 12.5*5Â Â  ğŸ“¦120
3. plaster 12.5*10 ğŸ“¦120
4,Plaster 2.5cmÂ Â Â  ğŸ“¦360
5,PlasteÂ Â  5cmÂ Â Â Â Â  ğŸ“¦180
6,Plaster 7.5cmÂ Â  ğŸ“¦180
Â Â Â Â Â  ğŸš½ğŸš½Urine bag 

ğŸ’ŠAmoxa(amyn) 500mgÂ  
Â Â Â Â  ğŸ“¦ 105 ğŸ’µ 115

ğŸ’Š AMYN, 100ml
Amoxacillin 250mg/5ml
Â Â Â  ğŸ’µ 115
Â Â Â Â  ğŸ“¦ 100 
Â Â Â Â  ğŸ“† 09/ 2028
Â Â Â Â  
ğŸ’§CLAVAMYN 312mg 
Â Â Â Â Â Â  ğŸ“† 09/ 2027
Â Â Â Â Â Â  ğŸ’µ 330
1. HBsAg strip of 50pcs (Egens)ğŸ’µ1,040 
2. HPAg strip of 25pcs (Egens)ğŸ’µ1,675 

ğŸ’Š Ampicillin CapsuleğŸ’µ2800 ğŸ“¦ 20
ğŸ’ŠOrsÂ  ğŸ“¦600ğŸ’µ 30
ğŸ’ŠAmoxa 500mg 50x10 apf ğŸ“¦ 20ğŸ’µ 2800

1.Cledomox 1g of 14 =448
2.Cledomix 156 =195
3.Cledomox 228 =220
4.Cledomox 457 =380
ğŸ‘‰ğŸ‘‰ğŸ‘‰312.5mg = 330 
5.Medomol 500mg of 10*10 (Pcm) ğŸ’µ115

âœ… Glucose injection 40%,20mlğŸ“¦ 600ğŸ“† 8/2028
Â Â Â Â Â Â  ğŸ’° 22.50

ğŸ§¤ğŸ§¤ğŸ§¤Surgical gloves
Â Â Â Â Â Â Â Â Â Â Â  1450 &1500

ğŸ§ŠClotrimazole vaginalÂ  
Â Â Â Â Â  inserts 100mg(Clovagy
Â Â Â Â Â  100)India ğŸ‡®ğŸ‡³ ğŸ’µ 85ğŸ•
Â Â Â Â Â  04/27ğŸ“¦ 400
ğŸ§ŠSalbutamol 2mg/5mlÂ  
Â Â Â Â  syrupIndia ğŸ’µ 65ğŸ•
Â Â Â Â Â  09/26ğŸ“¦ 100 
ğŸ§ŠSalbutamol InhalerChina 
Â Â Â Â  ğŸ‡¨ğŸ‡³ ğŸ’µ 190 10/27ğŸ“¦ 300

ğŸ’§EDTA (plastic )ğŸ’µ 750ğŸ“¦
ğŸ’§EDTA (glassğŸ’µ660ğŸ“¦
ğŸ’§Sst tube ğŸ’µ1100 ğŸ“¦12

ğŸ‘‰Â RDT Of 25 ğŸ’µ 880
ğŸ‘‰Â RDT Of 30 ğŸ’µ1200

Vicryl,3 cutting... 1350 birr
Vicryl, 3 Round.. 1350
Vicryl, 2 cutting.. 1200
Vicryl, 2 Ronund... 1200
Vicryl, 2/0 cutting.. 1050
Vicryl, 2/0 Round.. 1050
Vicryl, 3/0 cutting.. 1050
Vicryl, 3/0 Round.. 1050
Vicryl, 4/0 Round... 970
Vicryl, 5/0 Round.. 970
Â Â Â Â Â Â  Cutgut
Cutgut, 2/0 cutting... 950 
Cutgut, 2/0 Round .. 950
Cutgut, 3/0 cutting....950
Cutgut,3/0 Round.... 950
Cutgut, 1 cutting... 950
Cutgut, 1 Round... 950
Cutgut, 2 cuttimg.. 950
Cutgut, 2 Round.. 950
Cut gut, 4/0 Round.. 950
Â Â Â Â Â Â Â Â Â Â 
ğŸ’‰benzathine penicillin injec ğŸ’µ 62ğŸ“¦20

ğŸ‘‰#, Price Update
1. IV cannula 20g= 1450
2. Automatic Blood lancet of 100= 1100
3. Twisted blood lancet of 100= 160
4. PGA, Vicryl 0 Round= 1150
5. PGA, Vicryl 0 Cutting= 1650
6. PGA, Vicryl 1 Cutting= 1150
7. PGA, Vicryl 1 Round= 1150
8. PGA, Vicryl 2 Round= 1150
9. PGA, Vicryl 2 Cutting= 1150
10. PGA, Vicryl 2/0 Round= 1150
11. PGA, Vicryl 2/0 Cutting= 1150
12. PGA, Vicryl 3/0 Round= 1150
13. PGA, Vicryl 3/0 Cutting= 1150

#BANDAGE 
1. POP Bandage 15*3= 140
2. POP Bandage 10*3= 135
3. Elastic Bandage 7.5*5=4 65
1. IV Cannula 20G= 

ğŸ’§ğŸ’§ğŸ’§ğŸ’§ğŸ’§ğŸ’§ğŸ’§ğŸ’§ğŸ’§ğŸ’§ğŸ’§
ğŸ‘‰Coartum z-artem with individual box =ğŸ’µ

ğŸ‘‰Manitol 500ml =

ğŸ‘‰Manitol 350ml =

ğŸ‘‰Omeprazole inj 40mg =

ğŸ‘‰Almetamin tablet indiaÂ  roze clour=

ğŸ‘‰Cimetidin inj=

ğŸ‘‰Premolut inj 

ğŸ‘‰H-cort =

ğŸ‘‰Premolut tab =

ğŸ‘‰big powerful =

ğŸ‘‰Big pawor one =

ğŸ‘‰Artsunate 120mg =

ğŸ‘‰Arthemetrene inj 80mg=

ğŸ‘‰Chloroquine injection =

ğŸ‘‰amiodaronÂ  inj=

ğŸ‘‰Thyroxine 50mg =

ğŸ‘‰viagra 100mg VigoÂ =

ğŸ‘‰viagra 50mg vigo with individual pack =

ğŸ‘‰dexa inj 4mg =

ğŸ‘‰Sodium valporate 200mg =

ğŸ‘‰Sodium valporate 500mg 

ğŸ‘‰Clindamycin capsule 300mg =

ğŸ‘‰Noradrenalin inj =

ğŸ‘‰Neurobin inj =

ğŸ‘‰Pregabalin capsule 300mg =

ğŸ‘‰Vitamin B12 inj =


ğŸ‘‰LeucovorinÂ  inj=

ğŸ‘‰Enoxaparin inj 60iu =

ğŸ‘‰Meropenom inj=

ğŸ‘‰Haloperidol inj =

ğŸ‘‰Vecronium inj 10mg withdistelledwater=

ğŸ‘‰Serteraline 100mg=

ğŸ‘‰Serteraline 50mg=

ğŸ‘‰Propofol inj

ğŸ‘‰Resperidol 4mg=

ğŸ‘‰Lidocine with-7/26=

ğŸ‘‰Lidocine with-3/28=

ğŸ‘‰Glow pawor plus-04/26=


â˜ï¸Â Â Â  0940730534",False,,387,1
189044,tikvahpharma,Tikvah | Pharma,2026-01-19T18:07:57+00:00,"á‹¨á‰»áŠ“áˆ áŒá‰¥á‹£:
(áˆˆá‹áˆ­áˆ› áˆ›áŠ¨á‹áˆá‹«á‹á‰½ á‰¥á‰») 

á‹¨áˆ˜á‹µáŠƒáŠ’á‰µáŠ“ á‹¨áˆ…áŠ­áˆáŠ“ áŠ¥á‰ƒá‹á‰½ á‹‹áŒ‹ á‰ á‹¨á‰€áŠ‘ áŠ á‹­á‹°áˆˆáˆ á‰ á‹¨áˆµá‹“á‰± á‰ áˆšá‰€á‹«á‹¨áˆ­á‰ á‰µ á‰ á‹šáˆ… á‹ˆá‰…á‰µ á‹¨áˆáˆ­á‰µáŠ“ á‹‹áŒ‹áŠ• áˆáŠ”á‰³ áˆ˜áŠ¨á‰³á‰°áˆ áŠ¥áŒ…áŒ áŠ áˆµáˆáˆ‹áŒŠ áŠá‹á¢ 

áˆµáˆˆá‹šáˆ… á‹¨áˆ˜á‹µáŠƒáŠ’á‰µ áˆ›áŠ¨á‹áˆá‹«á‹á‰½ á‰¥á‰»(only) Join request áˆ‹áŠ©áˆáŠ•á¢
ğŸ‘‡
https://t.me/+Oi2lTIrhZIgzNDNk

For approval purpose 
Please send your WS license 
to: @tikvah_sales",True,data\raw\images\tikvahpharma\189044.jpg,1118,5
189043,tikvahpharma,Tikvah | Pharma,2026-01-19T17:48:46+00:00,,True,data\raw\images\tikvahpharma\189043.jpg,438,1
189042,tikvahpharma,Tikvah | Pharma,2026-01-19T17:48:46+00:00,,True,data\raw\images\tikvahpharma\189042.jpg,482,1
189041,tikvahpharma,Tikvah | Pharma,2026-01-19T17:48:46+00:00,"ğŸŒ€MEDIX PHARMA PLC
===================

â­ï¸ NEW ARRIVALS MEDICAL""SUPPLIES''

ğŸ“£âœ”ï¸First Aid Plaster of 100Â ğŸ©¹
â€¢ Size: 72*19mm
1ctnğŸ“¦: 100box
â€¢ Ex:D: 26/10/2030
ğŸ’°price Attractive!

âœ”ï¸Disposal 3layer face mask
:Blue ColorÂ©ï¸

âœ”ï¸Examination GlovesÂ 
Powder free&powdered 
:SRITRANGÂ©ï¸

âœ”ï¸Vicryl 3 0 cutting

âœ”ï¸ECG Paper (215x30m)/ Roll

âœ”ï¸ECG Paper (210x30m)/ Roll

âœ”ï¸Ultrasound Paper(110*20m

âœ”ï¸ECG A4 (100 Pages)

âœ”ï¸TwistedÂ  Blood lancet of 100

âœ”ï¸Automatic blood lancet of 100

â­ï¸HOSPITAL FURNITURE&
EQUIPMENTS IMPORTED
========================== 
âœ”ï¸Crash cart/Emergency Trolley

âœ”ï¸Lab chair with backrest 

âœ”ï¸Lab chair with adjustable

âœ”ï¸hospital gust chiar 3 seater

âœ”ï¸Medical bedside cabinet

âœ”ï¸Electrical Operating TableÂ  

âœ”ï¸Manual patient bed 2 function

âœ”ï¸Manual patient bed 3 function

âœ”ï¸Electrical ICU bed 3 function

â­ï¸Latest Medical Devices 

âœ”ï¸HSG(Hysterosalpingography set
âœ”ï¸Centrifuge D1008 (8 Holes)Â  

âœ”ï¸Centrifuge DM0408 (12 Holes)

âœ”ï¸Shaker SK-O180

âœ”ï¸Roller MX-T6-SÂ  

âœ”ï¸ECG Machine -CM1200A
Â  
âœ”ï¸Patient Monitor -Star 8000EÂ  

âœ”ï¸Ventilator Machine -V3Â  

âœ”ï¸Anesthesia Machine -AX-500Â 

âœ”ï¸medical oxygen gauge

ğŸ“ Order Now

ğŸššâ˜ï¸ğŸ…•ğŸ…¡ğŸ…”ğŸ…” &ğŸ…•ğŸ…ğŸ…¢ğŸ…£ ğŸ…“ğŸ…”ğŸ…›ğŸ…˜ğŸ…¥ğŸ…”ğŸ…¡ğŸ…¨!

+251912455043 [AbebawğŸ§‘â€ğŸ’¼ğŸ’¼]
+251987623030
+251989944404
+251900826041[Mercy]
+251985878759
+251985878736 [Fikre]
âœ‰ï¸ @Abebaw_Bâœ‰ï¸
Â âœ‰ï¸Â @MEDIX_IMPORT
ğŸ’Œ medixpharmaplc@gmail.com
ğŸŒ@MEDIXPHARMACEUTICAlS
ğŸŒ@MEDIXPHARMAIMPORT
https://t.me/MEDIXPHARMACEUTICAlS",True,data\raw\images\tikvahpharma\189041.jpg,298,1
189036,tikvahpharma,Tikvah | Pharma,2026-01-19T17:18:33+00:00,"âš¡ï¸âš¡ï¸âš¡ï¸âš¡ï¸ğŸ’³ğŸ’³ğŸ’³

            ğŸ¤© ğŸ”¤ğŸ”¤ğŸ”¤ 
Â Â Â Â Â Â Â ğŸ”¤ğŸ”¤ğŸ”¤ğŸ”¤ğŸ”¤ğŸ”¤ğŸ”¤
Â Â Â Â Â Â Â  

ğŸ†•ğŸ“£ğŸ“£ON STOCKÂ  ITEMS â¬‡ï¸

ğŸ˜®Crash Cart (Emergency Medical trolley)

ğŸ˜®OR Light

ğŸ˜®Mechanical Ventilator 

ğŸ˜®Anesthesia Machine 

ğŸ˜®OR table (Hydraulic & Electrical)

ğŸ˜®Suction Machine Electrical

ğŸ˜®Manual Suction Machine 

ğŸ˜®Infant Radiant Warmer

ğŸ˜®Infant Phototherapy

ğŸ˜®Infant Incubator

ğŸ˜®Electrical Suction Machine

ğŸ˜®Electrical Bone Drill 

ğŸ˜®Patient Monitor 

ğŸ˜®CTG (Fetal and Maternal Monitor )

ğŸ˜®Weight + HeightÂ  Scale(Analog & Digital)

ğŸ˜®Wheelchair (All Type)

ğŸ˜®CT-Scan Injector tube 

ğŸ˜®CT-Scan injector syringe 

ğŸ˜®CPAP machine

ğŸ˜®Endotracheal tube(ETT)

ğŸ˜®Dialysis Catheter (Temporary and Permanent)

ğŸ˜®Electrolyte Machine 

ğŸ˜®Hematology (CBC) Machine 

ğŸ˜®Chemistry Analyzer Machine 

ğŸ˜®Examination Bed 

ğŸ˜®Delivery Couch 

ğŸ˜®Hospital Patient Bed (2 function and 3 function)

ğŸ˜®Digital Xray Machine 

ğŸ˜®Flat Panel Detector 

ğŸ˜®Lead Door(for xray and ct scan)

ğŸ˜®Lead Glass 40 * 40 and 120 * 80

ğŸ˜®Lead Apron 

ğŸ˜®Lead Thyroid (collar) Shield 

ğŸ˜®Lead Gonadal shield 

ğŸ˜®Lead Eye Goggle 

ğŸ˜®Lead Glove 

ğŸ˜®Oxygen Concentrator 5L & 10L(Single & Double flow)

ğŸ˜®Nebulizer 

ğŸ˜®Ventilator /Anesthesia/CPAP maskÂ  

ğŸ˜®Oxygen Mask

ğŸ˜®Ambubag (Adult, child, Pediatric)

ğŸ˜®Magnus Microscope 

ğŸ˜®Trolley 2 shelf and 3 shelf

ğŸ˜®Mindray Dp 10 and Dp 15 Ultrasound 

ğŸ˜®ECG Machine 12 channel 

ğŸ˜®Infusion Pump(perfuser)

ğŸ˜®Centrifuge 6,8,12 and 24 hole

ğŸ˜®Hematocrit Centrifuge 

ğŸ˜®Shaker Digital (Dlab)

ğŸ˜®Autoclave (Electrical and Digital) 19,21,25,30,40,50,100,250 Liter

ğŸ˜®Dry oven 28,43,53,80,100L

ğŸ˜®Water Distiller Automatic 

ğŸ˜®Laryngoscope 

ğŸ˜®Handheld Pulseoximeter 

ğŸ˜®Iv stand

ğŸ˜®Surgical Mesh 

ğŸ˜®MVA KIT

ğŸ˜®Dressing set 

ğŸ˜®ECG Electrode 

ğŸ˜®Forehead IR Thermometer 

ğŸ˜®Chest Drainage Bottle 

ğŸ˜®Emergency Bag

ğŸ˜®Vaccine carrier

ğŸ˜®Baby Crib 

ğŸ˜®Ground plate & Bipolar Cautery cable with Tip for cautery machine 

ğŸ˜®Bp Cuff adult & child 

ğŸ˜®Aneroid BP Cuff

ğŸ˜®Digital BP Monitor 

ğŸ˜®ECG cable 

ğŸ˜®Ultrasound jel 5L/5kg & Ultrasound paper 

ğŸ˜®ECG paper 210 * 30,215* 30

Available at  ğŸ–ï¸RAD MEDICAL 

ğŸ†“ğŸ†“ âœ”ï¸ DELIVERY 

ğŸ¤ğŸ¤FAIR PRICE 

Inbox ğŸ“©ğŸ“©Your orderÂ 
 @Radmed1 or @Radmed2

Or

CallğŸ“ğŸ“ 0913517551
Â Â Â Â Â Â Â Â Â Â Â Â Â       0924070706
Â Â Â Â Â Â Â Â Â Â Â Â Â       0934910861

"" YOUR PARTNER IN MEDICAL EXCELLENCE â€œ
Â Â Â Â Â Â Â Â Â Â Â Â Â Â Â ",False,,379,1
189035,tikvahpharma,Tikvah | Pharma,2026-01-19T17:10:14+00:00,"PHARMAKON TRADING HOUSE PLC
Â Â Â Â Â Â Â  10/01/2026

Â Â Â Â Â Â  âœˆï¸ New arrivalÂ  âœˆï¸
ğŸ§¤ Examination glove 
Â Â Â Â Â  ğŸ§¤powdered 
Â Â Â Â Â  ğŸ§¤ powder free 

Â Â  â™Ÿ Lab Kit

1, Urine stripsÂ  of 100.
2, HCG of 50....Â 

1Adhesive Plaster
Â¤7.5*5
Â¤10*5
Â¤ 12.5*5
2First aid plaster

1,Olympus CX 23 MICROSCOPE 
2,Tounge depressors
3,Cover glass 22x22..
4,Pap smar kit/cervical brush
5,Autoclave indicator
6,Esr rack 30 min..
7,Capillary tube with heparin 
8,Automatic lancet

Â Â  â™ŸÂ  Blood Collection Tube
2,EDTA GLASS 
4,EDTA K2 GLASS.(PPT TUBE)
6,HEPARINE tube of100 
7,PT TubeÂ  of 100.


Â Â â™ŸOrthopedic items
1, Cotton Pad
Â Â Â Â  15cm x3m ..
Â Â Â Â Â  10cm x3m....
Â Â  ,Â Â Â  7*3
2,POPÂ  7.5*3
Â Â Â Â Â Â Â Â Â Â Â Â Â  10*3
Â Â Â Â Â Â Â Â Â Â Â Â Â  15*3Â Â Â Â Â Â Â Â Â Â  
3, Elastic bandages
Â Â Â  7.5cm *5m .Â  
Â Â Â  10cm *5m.Â Â  ..

Â Â Â Â Â  â™ŸSUTURINGS
1cut gut 1round..
2,cut gut 2round 
3,cut gut 4/0 Cuttings 
4 cut gut 4/0 Round
8,Silk.4/0 cutting ..
9,Silk 2/0 cutting .
10,Silk 1 round 
11,Silk 2 round 
12,Silk 3/0cutting 
13,vicryl 0round 
14,vicryl 1round 
15,vicryl 2round 
16,vicryl 2/0 round 
18,vicryl 3/0 cutting 

â™Ÿ Laboratory Instruments 

1,Centrifuge 12 hole digital ,(DLAB)
2,Shaker (DLAB)
3,micropipette (DLAB)
Â  Â Â Â  5-50uL
Â Â  Â Â  10-100uL
5,digital.time.....
6,Test tube rack ....
Â Â 
Â Â Â  â™ŸÂ Â  IMMAGING CONSUMABLES 
1,Ultrasound Gel..
2,ultrasound paper110*20m.
3,ECG PAPER 210*295.
4,ECG PAPER 210*140(zfold).
5,ECG paper 210*140mm roll
6,ECG paper 215*30m....
7,ECG paper 215*20m...
8,ECG paper 210*280.z fold .
9,ECG paper 110*140 ..z foldÂ 

Â Â Â Â  â™ŸMEDICAL CONSUMABLE 

1,Epidural kit 18...
2, Endotracheal Tube ..
Â Â Â Â¤Size 2.5, 3, 3.5, 4, 4.5, 5 &Â 5.5Â Â Â Â Â Â 
3,Endotracheal Tube..
Â Â Â Â  Â¤size 6,7 & 7.5Â Â Â Â Â Â Â 
4,IVÂ  Cannula 
Â Â Â Â  Â¤Â Â Â  Size 18..
5,Folly Catheter Two way.
Â Â Â  Â¤Â 18Â Â Â Â 
6,NG Tubes...
Â Â Â Â Â Â Â Â  Â¤ Size 16 &18Â 
7,Spinal needles...
Â Â Â Â  Â Â¤sizeÂ  21,22,23 & 24
8,URINE BAG 2000ML..

Â Â Â  â™ŸGENERAL LAB ITEM
1,Â Sterile swabs of 100...
2,specimen bag of 100...
3,alcohol pad of 100
5,yellow tips of 1000.
6,pasture pipette of 500.
7,petri dish 90mm dia...
8,lense paper 100....
9,Embeding casste white $ green of 250..
10,nnoculation loops 
10Âµl of 100..
1Âµl of 100...
11, cover glass 24*50 of 100.
12, Twisted blood lancet....
13 ,Frosted slideÂ  of 50..
15,Applicator Stick w/out cotton
âœ’ï¸of 1000..
âœ’ï¸of 100...
16,Applicator stick.with cotton of 100
17,capillary tube non heparin
18,E.S.R.pipetes, glass..
19,centrifuge tube 2ml of 500
20,counting chamber.(WBC).
21, Conical tube 15ml.without cup of 100..
22, conical centrifuge tube 15ml with cup of 100...
23, conical centrifuge tube 50m with cup
Â¤of 50...
Â¤ of 25

Â Â  Â Â  â™ŸDust material 
1,sharpÂ  container 5L PLASTIC...
2, Dest Bin plastic 15L PLASTIC..

Â Â Â Â Â  â™ŸSURGICAL BLADES
1,Surgical blades 
Â Â Â Â  Size #10....
2,.Surgical blades
Â  Size #11 ,#15,,#23..
3,Surgical blade 
Â Â  Size #24......
Â Â Â Â 
Â Â Â â™Ÿ FORCEPSÂ Â  $SCISSORS
1mosquito forceps Straight &curvedÂ  12.5cm.
2,Towl clump forceps...
3,scissor curved14.5 str
4 umbilical cord scissor10cm.
5,scissor bl/bl 14.5 cm str
6,Spencer well ligature.scissor 14.5 cm.....
7,gigli handle..
Â Â Â  Â Â â™ŸHospitalÂ  furniture
ğŸª¶Spine board stretcher

@pharmainfocenter
""PHARMAKON-THEÂ  ONE YOU TRUST""
ğŸ“¶ğŸ¤³
0915407070Â Â Â  ÃƒNWAR
0921058468.Â Â Â  NEJIB
0944703333Â Â Â Â  selhadin
0944603333Â Â Â Â  aminat
0944573333Â Â Â Â  Mebirat
0944583333Â Â Â  Mule",False,,406,1
189033,tikvahpharma,Tikvah | Pharma,2026-01-19T13:43:15+00:00,"ğŸ„ Upgrade to Telegram Premium Today! ğŸŒ²Â  

ğŸ Enjoy exclusive features, faster performance, and an adâ€‘free experience with Telegram Premium. Choose the plan that works best for you:Â  

ğŸ… 1 Year â€“ 6,500 ETBÂ  
ğŸ… 6 Months â€“ 4,000 ETBÂ  
ğŸ… 3 Months â€“ 2,900 ETBÂ  

âœ¨ With Telegram Premium, youâ€™ll unlock:Â  
- Double limits for channels, groups, and filesÂ  
- Faster downloads and priority accessÂ  
- Advanced chat management toolsÂ  
- Unique stickers, reactions, and profile badgesÂ  
- An adâ€‘free, seamless experienceÂ  

ğŸ“© For subscription details or to get started, contact:Â  
@tesphaÂ  
ğŸ“ +251 917 176 560",False,,550,1
189032,tikvahpharma,Tikvah | Pharma,2026-01-19T12:57:56+00:00,"#á‹¨áˆá‹«_áˆá‰ƒá‹µ_áˆˆáˆ›áˆ³á‹°áˆµ_CPD_á‹­áˆ˜á‹áŒˆá‰¡(CPD_áŠ áˆáŠ•_á‹­áˆ˜á‹áŒˆá‰¡)

Training Title= Palliative Care 

ğŸ”¶15CEU

ğŸ‘‰ #áŠ¨_áŒ¥áˆ­_10_áŒ€áˆáˆ® _áŒ€áˆáˆ® _áŒ€áˆáˆ®_á‹­áˆ°áŒ£áˆ!

áˆˆáˆáˆ‰áˆ áŒ¤áŠ“ á‰£áˆˆáˆá‹«á‹á‰½ Ã· á‰ áˆáˆ‰áˆ áŠ­áˆáˆá‰½áŠ“ áŠ¨á‰°áˆá‰½ áˆ‹áˆ‹á‰½áˆá¢

ğŸ‘¨â€ğŸ’»Online 
--------------------------------------------
Â Â  
Â Â  ğŸ“²0941404444 Daye(@EAHC0941)
Â Â  ğŸ“²0965412222 Dr.Shalom(@EAHC22)
Â Â  ğŸ“²0942404444Â Tenbit(@EAHC0942)
Â Â  ğŸ“²0965410000Â Ekram(@EAHC00)
Â Â  ğŸ“²0968670067 Selam
Â Â  â˜ï¸0462124400 Office

Â Ethio-American CPD center & Health Consultancy
ğŸƒWe Are Committed To Excellence In Medical Trainings â—
For more info join our telegram channelÂ Â Â Â Â Â Â Â Â Â Â Â Â Â Â https://t.me/EAHCI",True,data\raw\images\tikvahpharma\189032.jpg,13044,14
189031,tikvahpharma,Tikvah | Pharma,2026-01-19T11:09:24+00:00,"19-01-26
Currently available Drugs 


ğŸ’Š. Dicloran tab 50mg
ğŸ“¦ 100pack
â³ Jul-28 
Â Â  5carton diclo with 1carton.Â Â Â  L-Iron attachment 


ğŸ’Š.paracetamol syr
ğŸ“¦ 150bott
â³ Jun-28

ğŸ’Š.L-Iron syrupÂ Â  (Iron+folic acid+
Â Â Â Â Â  VitB12+zinc)
ğŸ“¦ 72 bottles 
â³ Feb-27


ğŸ’Š.Pregabalin 75mg(Neurolin)
ğŸ“¦ 360pack
â³ Dec-27


ğŸ’Š. Co-trimox susp(Iftrim)
ğŸ“¦ 100 bottles 
â³08-27

Cotrimoxazol oral suspensionÂ  attached with L ironÂ  ratio 4:1

ğŸ’Š. Indomethacin 100mg supp
Â Â Â Â Â Â  (Indocor)
ğŸ“¦ 160 pack
â³ 11/2027

ğŸ’Š. Disp. Syringe 3cc
ğŸ“¦ 100 pcs
â³ 01/2029

ğŸ’Š. Disp. Syringe 5cc
ğŸ“¦ 100 pcs
â³ 01/2029

ğŸ’Š. Disp. Syringe 10cc
ğŸ“¦ 100 pcs
â³ 01/2029

ğŸ’Š. Surg. Glove powdered
ğŸ“¦ 50 pairs 
â³ 01/2029
Â Â 
ğŸ’Š. Surg Glove powder free
ğŸ“¦ 50 pairs
â³ 01/2029 

ğŸ’Š. Urine bag 2000ml
ğŸ“¦ 
â³ 4/2029

ğŸ’Š. ECG machine 1212G
Â  *Adopt 10.1 high resolution colour LCD operate by full-touch screen & function buttons.
* ECG that can simultaneously capture & print 12 lead ECG wave forms.
*Auto measurements & auto -interpretation for routine ECG parameters.

ğŸ’Š. Pulse Oximeter finger tip
Â Â Â Â Â Â  Model CMS5OD

ğŸ”°Update Items ğŸ”°

âœ…ï¸Diclofenac 75mg inj (Reyoung)
âœ…ï¸Amoxa 500mg 10*10
âœ…ï¸Ampi cap 500mg 10*10
âœ…ï¸Doxy Cap 100mg 10*10
âœ…ï¸Cloxa 500mg 10*50
âœ…ï¸Ceftra WFI
âœ…ï¸Cefixime syrup 60ml
âœ…ï¸Haemup syrup 200ml 
âœ…ï¸Vancomycin 1gm
âœ…ï¸Dextro syrup
âœ…ï¸Diphen syrup 
âœ…ï¸Moxipile 156mg
âœ…ï¸Moxipile 312mg & 457mg syrup
âœ…ï¸Clavamya 156mg syrup
âœ…ï¸Clavamya 228mg
âœ…ï¸Salbutamol puff
âœ…ï¸Keto shampo 100ml
âœ…ï¸Ns with 6iv and 12iv set
âœ…ï¸Gauze 90*100
âœ…ï¸Syringe...10cc(Discount)
âœ…ï¸Magnus Binocular Microscope 
âœ…ï¸Exam glove powdered & free Discount price

Sinishaw (pharmacist)

Â Â Â  â˜ï¸ :-0911884446
Â Â Â  â˜ï¸Â  :-0903327887",False,,551,1
189030,tikvahpharma,Tikvah | Pharma,2026-01-19T10:37:23+00:00,"Urgent vacancyâœŒï¸
GOLE DRUG STORE
Professional: 

1. Junior pharmacist with 1 year experience or senior druggist with clearance less than 6 month

Salary: Attractive

Area: Sheger city, Sululta subcity

0953913486",False,,499,1
189029,tikvahpharma,Tikvah | Pharma,2026-01-19T05:35:08+00:00,"á‹¨á‰»áŠ“áˆ áŒá‰¥á‹£:
(áˆˆá‹áˆ­áˆ› áˆ›áŠ¨á‹áˆá‹«á‹á‰½ á‰¥á‰») 

á‹¨áˆ˜á‹µáŠƒáŠ’á‰µáŠ“ á‹¨áˆ…áŠ­áˆáŠ“ áŠ¥á‰ƒá‹á‰½ á‹‹áŒ‹ á‰ á‹¨á‰€áŠ‘ áŠ á‹­á‹°áˆˆáˆ á‰ á‹¨áˆµá‹“á‰± á‰ áˆšá‰€á‹«á‹¨áˆ­á‰ á‰µ á‰ á‹šáˆ… á‹ˆá‰…á‰µ á‹¨áˆáˆ­á‰µáŠ“ á‹‹áŒ‹áŠ• áˆáŠ”á‰³ áˆ˜áŠ¨á‰³á‰°áˆ áŠ¥áŒ…áŒ áŠ áˆµáˆáˆ‹áŒŠ áŠá‹á¢ 

áˆµáˆˆá‹šáˆ… á‹¨áˆ˜á‹µáŠƒáŠ’á‰µ áˆ›áŠ¨á‹áˆá‹«á‹á‰½ á‰¥á‰»(only) Join request áˆ‹áŠ©áˆáŠ•á¢
ğŸ‘‡
https://t.me/+Oi2lTIrhZIgzNDNk

For approval purpose 
Please send your WS license 
to: @tikvah_sales",True,data\raw\images\tikvahpharma\189029.jpg,1118,5
189028,tikvahpharma,Tikvah | Pharma,2026-01-19T05:10:08+00:00,"PHARMAKON TRADING HOUSE PLC
Â Â Â Â Â Â Â  10/01/2026

Â Â Â Â Â Â  âœˆï¸ New arrivalÂ  âœˆï¸
ğŸ§¤ Examination glove 
Â Â Â Â Â  ğŸ§¤powdered 
Â Â Â Â Â  ğŸ§¤ powder free 

Â Â  â™Ÿ Lab Kit

1, Urine stripsÂ  of 100.
2, HCG of 50....Â 

1Adhesive Plaster
Â¤7.5*5
Â¤10*5
Â¤ 12.5*5
2First aid plaster

1,Olympus CX 23 MICROSCOPE 
2,Tounge depressors
3,Cover glass 22x22..
4,Pap smar kit/cervical brush
5,Autoclave indicator
6,Esr rack 30 min..
7,Capillary tube with heparin 
8,Automatic lancet

Â Â  â™ŸÂ  Blood Collection Tube
2,EDTA GLASS 
4,EDTA K2 GLASS.(PPT TUBE)
6,HEPARINE tube of100 
7,PT TubeÂ  of 100.


Â Â â™ŸOrthopedic items
1, Cotton Pad
Â Â Â Â  15cm x3m ..
Â Â Â Â Â  10cm x3m....
Â Â  ,Â Â Â  7*3
2,POPÂ  7.5*3
Â Â Â Â Â Â Â Â Â Â Â Â Â  10*3
Â Â Â Â Â Â Â Â Â Â Â Â Â  15*3Â Â Â Â Â Â Â Â Â Â  
3, Elastic bandages
Â Â Â  7.5cm *5m .Â  
Â Â Â  10cm *5m.Â Â  ..

Â Â Â Â Â  â™ŸSUTURINGS
1cut gut 1round..
2,cut gut 2round 
3,cut gut 4/0 Cuttings 
4 cut gut 4/0 Round
8,Silk.4/0 cutting ..
9,Silk 2/0 cutting .
10,Silk 1 round 
11,Silk 2 round 
12,Silk 3/0cutting 
13,vicryl 0round 
14,vicryl 1round 
15,vicryl 2round 
16,vicryl 2/0 round 
18,vicryl 3/0 cutting 

â™Ÿ Laboratory Instruments 

1,Centrifuge 12 hole digital ,(DLAB)
2,Shaker (DLAB)
3,micropipette (DLAB)
Â  Â Â Â  5-50uL
Â Â  Â Â  10-100uL
5,digital.time.....
6,Test tube rack ....
Â Â 
Â Â Â  â™ŸÂ Â  IMMAGING CONSUMABLES 
1,Ultrasound Gel..
2,ultrasound paper110*20m.
3,ECG PAPER 210*295.
4,ECG PAPER 210*140(zfold).
5,ECG paper 210*140mm roll
6,ECG paper 215*30m....
7,ECG paper 215*20m...
8,ECG paper 210*280.z fold .
9,ECG paper 110*140 ..z foldÂ 

Â Â Â Â  â™ŸMEDICAL CONSUMABLE 

1,Epidural kit 18...
2, Endotracheal Tube ..
Â Â Â Â¤Size 2.5, 3, 3.5, 4, 4.5, 5 &Â 5.5Â Â Â Â Â Â 
3,Endotracheal Tube..
Â Â Â Â  Â¤size 6,7 & 7.5Â Â Â Â Â Â Â 
4,IVÂ  Cannula 
Â Â Â Â  Â¤Â Â Â  Size 18..
5,Folly Catheter Two way.
Â Â Â  Â¤Â 18Â Â Â Â 
6,NG Tubes...
Â Â Â Â Â Â Â Â  Â¤ Size 16 &18Â 
7,Spinal needles...
Â Â Â Â  Â Â¤sizeÂ  21,22,23 & 24
8,URINE BAG 2000ML..

Â Â Â  â™ŸGENERAL LAB ITEM
1,Â Sterile swabs of 100...
2,specimen bag of 100...
3,alcohol pad of 100
5,yellow tips of 1000.
6,pasture pipette of 500.
7,petri dish 90mm dia...
8,lense paper 100....
9,Embeding casste white $ green of 250..
10,nnoculation loops 
10Âµl of 100..
1Âµl of 100...
11, cover glass 24*50 of 100.
12, Twisted blood lancet....
13 ,Frosted slideÂ  of 50..
15,Applicator Stick w/out cotton
âœ’ï¸of 1000..
âœ’ï¸of 100...
16,Applicator stick.with cotton of 100
17,capillary tube non heparin
18,E.S.R.pipetes, glass..
19,centrifuge tube 2ml of 500
20,counting chamber.(WBC).
21, Conical tube 15ml.without cup of 100..
22, conical centrifuge tube 15ml with cup of 100...
23, conical centrifuge tube 50m with cup
Â¤of 50...
Â¤ of 25

Â Â  Â Â  â™ŸDust material 
1,sharpÂ  container 5L PLASTIC...
2, Dest Bin plastic 15L PLASTIC..

Â Â Â Â Â  â™ŸSURGICAL BLADES
1,Surgical blades 
Â Â Â Â  Size #10....
2,.Surgical blades
Â  Size #11 ,#15,,#23..
3,Surgical blade 
Â Â  Size #24......
Â Â Â Â 
Â Â Â â™Ÿ FORCEPSÂ Â  $SCISSORS
1mosquito forceps Straight &curvedÂ  12.5cm.
2,Towl clump forceps...
3,scissor curved14.5 str
4 umbilical cord scissor10cm.
5,scissor bl/bl 14.5 cm str
6,Spencer well ligature.scissor 14.5 cm.....
7,gigli handle..
Â Â Â  Â Â â™ŸHospitalÂ  furniture
ğŸª¶Spine board stretcher

@pharmainfocenter
""PHARMAKON-THEÂ  ONE YOU TRUST""
ğŸ“¶ğŸ¤³
0915407070Â Â Â  ÃƒNWAR
0921058468.Â Â Â  NEJIB
0944703333Â Â Â Â  selhadin
0944603333Â Â Â Â  aminat
0944573333Â Â Â Â  Mebirat
0944583333Â Â Â  Mule",False,,650,1
189025,tikvahpharma,Tikvah | Pharma,2026-01-18T13:43:15+00:00,"ğŸ„ Upgrade to Telegram Premium Today! ğŸŒ²Â  

ğŸ Enjoy exclusive features, faster performance, and an adâ€‘free experience with Telegram Premium. Choose the plan that works best for you:Â  

ğŸ… 1 Year â€“ 6,500 ETBÂ  
ğŸ… 6 Months â€“ 4,000 ETBÂ  
ğŸ… 3 Months â€“ 2,900 ETBÂ  

âœ¨ With Telegram Premium, youâ€™ll unlock:Â  
- Double limits for channels, groups, and filesÂ  
- Faster downloads and priority accessÂ  
- Advanced chat management toolsÂ  
- Unique stickers, reactions, and profile badgesÂ  
- An adâ€‘free, seamless experienceÂ  

ğŸ“© For subscription details or to get started, contact:Â  
@tesphaÂ  
ğŸ“ +251 917 176 560",False,,663,1
189023,tikvahpharma,Tikvah | Pharma,2026-01-18T13:37:50+00:00,"18-01-26
Currently available Drugs 


ğŸ’Š. Dicloran tab 50mg
ğŸ“¦ 100pack
â³ Jul-28 
Â Â  5carton diclo with 1carton.Â Â Â  L-Iron attachment 


ğŸ’Š.paracetamol syr
ğŸ“¦ 150bott
â³ Jun-28

ğŸ’Š.L-Iron syrupÂ Â  (Iron+folic acid+
Â Â Â Â Â  VitB12+zinc)
ğŸ“¦ 72 bottles 
â³ Feb-27


ğŸ’Š.Pregabalin 75mg(Neurolin)
ğŸ“¦ 360pack
â³ Dec-27


ğŸ’Š. Co-trimox susp(Iftrim)
ğŸ“¦ 100 bottles 
â³08-27

Cotrimoxazol oral suspensionÂ  attached with L ironÂ  ratio 4:1

ğŸ’Š. Indomethacin 100mg supp
Â Â Â Â Â Â  (Indocor)
ğŸ“¦ 160 pack
â³ 11/2027

ğŸ’Š. Disp. Syringe 3cc
ğŸ“¦ 100 pcs
â³ 01/2029

ğŸ’Š. Disp. Syringe 5cc
ğŸ“¦ 100 pcs
â³ 01/2029

ğŸ’Š. Disp. Syringe 10cc
ğŸ“¦ 100 pcs
â³ 01/2029

ğŸ’Š. Surg. Glove powdered
ğŸ“¦ 50 pairs 
â³ 01/2029
Â Â 
ğŸ’Š. Surg Glove powder free
ğŸ“¦ 50 pairs
â³ 01/2029 

ğŸ’Š. Urine bag 2000ml
ğŸ“¦ 
â³ 4/2029

ğŸ’Š. ECG machine 1212G
Â  *Adopt 10.1 high resolution colour LCD operate by full-touch screen & function buttons.
* ECG that can simultaneously capture & print 12 lead ECG wave forms.
*Auto measurements & auto -interpretation for routine ECG parameters.

ğŸ’Š. Pulse Oximeter finger tip
Â Â Â Â Â Â  Model CMS5OD

ğŸ”°Update Items ğŸ”°

âœ…ï¸Diclofenac 75mg inj (Reyoung)
âœ…ï¸Amoxa 500mg 10*10
âœ…ï¸Ampi cap 500mg 10*10
âœ…ï¸Doxy Cap 100mg 10*10
âœ…ï¸Cloxa 500mg 10*50
âœ…ï¸Ceftra WFI
âœ…ï¸Cefixime syrup 60ml
âœ…ï¸Haemup syrup 200ml 
âœ…ï¸Vancomycin 1gm
âœ…ï¸Dextro syrup
âœ…ï¸Diphen syrup 
âœ…ï¸Moxipile 156mg
âœ…ï¸Moxipile 312mg & 457mg syrup
âœ…ï¸Clavamya 156mg syrup
âœ…ï¸Clavamya 228mg
âœ…ï¸Salbutamol puff
âœ…ï¸Keto shampo 100ml
âœ…ï¸Ns with 6iv and 12iv set
âœ…ï¸Gauze 90*100
âœ…ï¸Syringe...10cc(Discount)
âœ…ï¸Magnus Binocular Microscope 
âœ…ï¸Exam glove powdered & free Discount price

Sinishaw (pharmacist)

Â Â Â  â˜ï¸ :-0911884446
Â Â Â  â˜ï¸Â  :-0903327887",False,,613,1
189022,tikvahpharma,Tikvah | Pharma,2026-01-18T10:11:48+00:00,"ğŸ’‰ğŸ’‰10cc syringe
ğŸ’‰ğŸ’‰5cc syringe
ğŸ’‰ğŸ’‰3cc syringe 
ğŸ’‰ğŸ’‰Insulin syringe 

1. IV cannula 18G, Green= 
2. IV cannula 20G, Pink= 
3. IV cannula 22G, Blue= 
4. IV cannula 24G, Yellow= 
5. Surgical Blade size No.15,24=


ğŸ’‰ Artesunate inje120mg
ğŸ’‰Artesunateinje 60mgÂ 

ğŸ§½Dicloran dicloranğŸ’µ78 ğŸ•° long

ğŸ§¤ğŸ§¤ğŸ§¤ExaminationÂ  Glove 
Â Â Â Â Â Â Â ğŸ’µ 550 limited quantity â›”ï¸

ğŸ’‰ğŸ’‰Duclo injactio ğŸ’µ     limited quantity â›”ï¸Â Â Â Â  ğŸ“¦24Â ğŸ•°2028

1.Â  plaster 10*5=Â Â  ğŸ“¦ 180
2. plaster 12.5*5Â Â  ğŸ“¦120
3. plaster 12.5*10 ğŸ“¦120
4,Plaster 2.5cmÂ Â Â  ğŸ“¦360
5,PlasteÂ Â  5cmÂ Â Â Â Â  ğŸ“¦180
6,Plaster 7.5cmÂ Â  ğŸ“¦180
Â Â Â Â Â  ğŸš½ğŸš½Urine bag 

ğŸ’ŠAmoxa(amyn) 500mgÂ  
Â Â Â Â  ğŸ“¦ 105 ğŸ’µ 115

ğŸ’Š AMYN, 100ml
Amoxacillin 250mg/5ml
Â Â Â  ğŸ’µ 115
Â Â Â Â  ğŸ“¦ 100 
Â Â Â Â  ğŸ“† 09/ 2028
Â Â Â Â  
ğŸ’§CLAVAMYN 312mg 
Â Â Â Â Â Â  ğŸ“† 09/ 2027
Â Â Â Â Â Â  ğŸ’µ 330
1. HBsAg strip of 50pcs (Egens)ğŸ’µ1,040 
2. HPAg strip of 25pcs (Egens)ğŸ’µ1,675 


ğŸ§½AZITHRAA500 â›”limited 
Â Â Â Â  Azithromycin tab 1*3 ) 
Â Â Â Â Â Â Â Â  ğŸ’µ63  ğŸ“¦1600Â 

ğŸ’Š Ampicillin CapsuleğŸ’µ2800 ğŸ“¦ 20
ğŸ’ŠOrsÂ  ğŸ“¦600ğŸ’µ 30
ğŸ’ŠAmoxa 500mg 50x10 apf ğŸ“¦ 20ğŸ’µ 2800

1.Cledomox 1g of 14 =448
2.Cledomix 156 =195
3.Cledomox 228 =220
4.Cledomox 457 =380
ğŸ‘‰ğŸ‘‰ğŸ‘‰312.5mg = 330 
5.Medomol 500mg of 10*10 (Pcm) ğŸ’µ115

âœ… Glucose injection 40%,20mlğŸ“¦ 600ğŸ“† 8/2028
Â Â Â Â Â Â  ğŸ’° 22.50

ğŸ§¤ğŸ§¤ğŸ§¤Surgical gloves
Â Â Â Â Â Â Â Â Â Â Â  1450 &1500

ğŸ§ŠClotrimazole vaginalÂ  
Â Â Â Â Â  inserts 100mg(Clovagy
Â Â Â Â Â  100)India ğŸ‡®ğŸ‡³ ğŸ’µ 85ğŸ•
Â Â Â Â Â  04/27ğŸ“¦ 400
ğŸ§ŠSalbutamol 2mg/5mlÂ  
Â Â Â Â  syrupIndia ğŸ’µ 65ğŸ•
Â Â Â Â Â  09/26ğŸ“¦ 100 
ğŸ§ŠSalbutamol InhalerChina 
Â Â Â Â  ğŸ‡¨ğŸ‡³ ğŸ’µ 190 10/27ğŸ“¦ 300

ğŸ’§EDTA (plastic )ğŸ’µ 750ğŸ“¦
ğŸ’§EDTA (glassğŸ’µ660ğŸ“¦
ğŸ’§Sst tube ğŸ’µ1000 ğŸ“¦12

ğŸ‘‰Â RDT Of 25 ğŸ’µ 940
ğŸ‘‰Â RDT Of 30 ğŸ’µ1200

Vicryl,3 cutting... 1350 birr
Vicryl, 3 Round.. 1350
Vicryl, 2 cutting.. 1200
Vicryl, 2 Ronund... 1200
Vicryl, 2/0 cutting.. 1050
Vicryl, 2/0 Round.. 1050
Vicryl, 3/0 cutting.. 1050
Vicryl, 3/0 Round.. 1050
Vicryl, 4/0 Round... 970
Vicryl, 5/0 Round.. 970
Â Â Â Â Â Â  Cutgut
Cutgut, 2/0 cutting... 950 
Cutgut, 2/0 Round .. 950
Cutgut, 3/0 cutting....950
Cutgut,3/0 Round.... 950
Cutgut, 1 cutting... 950
Cutgut, 1 Round... 950
Cutgut, 2 cuttimg.. 950
Cutgut, 2 Round.. 950
Cut gut, 4/0 Round.. 950
Â Â Â Â Â Â Â Â Â Â 
ğŸ’‰benzathine penicillin injec ğŸ’µ 62ğŸ“¦20

ğŸ‘‰#, Price Update
1. IV cannula 20g= 1450
2. Automatic Blood lancet of 100= 1100
3. Twisted blood lancet of 100= 160
4. PGA, Vicryl 0 Round= 1150
5. PGA, Vicryl 0 Cutting= 1650
6. PGA, Vicryl 1 Cutting= 1150
7. PGA, Vicryl 1 Round= 1150
8. PGA, Vicryl 2 Round= 1150
9. PGA, Vicryl 2 Cutting= 1150
10. PGA, Vicryl 2/0 Round= 1150
11. PGA, Vicryl 2/0 Cutting= 1150
12. PGA, Vicryl 3/0 Round= 1150
13. PGA, Vicryl 3/0 Cutting= 1150

#BANDAGE 
1. POP Bandage 15*3= 140
2. POP Bandage 10*3= 135
3. Elastic Bandage 7.5*5=4 65
1. IV Cannula 20G= 

ğŸ’§ğŸ’§ğŸ’§ğŸ’§ğŸ’§ğŸ’§ğŸ’§ğŸ’§ğŸ’§ğŸ’§ğŸ’§ğŸ’§
ğŸ‘‰Coartum z-artem with individual box =ğŸ’µ

ğŸ‘‰Manitol 500ml =

ğŸ‘‰Manitol 350ml =


ğŸ‘‰Omeprazole inj 40mg =

ğŸ‘‰Almetamin tablet indiaÂ  roze clour=

ğŸ‘‰Cimetidin inj=

ğŸ‘‰Premolut inj 

ğŸ‘‰H-cort =

ğŸ‘‰Premolut tab =

ğŸ‘‰big powerful =

ğŸ‘‰Big pawor one =

ğŸ‘‰Artsunate 120mg =

ğŸ‘‰Arthemetrene inj 80mg=

ğŸ‘‰Chloroquine injection =

ğŸ‘‰amiodaronÂ  inj=

ğŸ‘‰Thyroxine 50mg =

ğŸ‘‰viagra 100mg VigoÂ =

ğŸ‘‰viagra 50mg vigo with individual pack =

ğŸ‘‰dexa inj 4mg =

ğŸ‘‰Sodium valporate 200mg =

ğŸ‘‰Sodium valporate 500mg 

ğŸ‘‰Clindamycin capsule 300mg =

ğŸ‘‰Noradrenalin inj =

ğŸ‘‰Neurobin inj =

ğŸ‘‰Pregabalin capsule 300mg =

ğŸ‘‰Vitamin B12 inj =


ğŸ‘‰LeucovorinÂ  inj=

ğŸ‘‰Enoxaparin inj 60iu =

ğŸ‘‰Meropenom inj=

ğŸ‘‰Haloperidol inj =

ğŸ‘‰Vecronium inj 10mg withdistelledwater=

ğŸ‘‰Serteraline 100mg=

ğŸ‘‰Serteraline 50mg=

ğŸ‘‰Propofol inj

ğŸ‘‰Resperidol 4mg=

ğŸ‘‰Lidocine with-7/26=

ğŸ‘‰Lidocine with-3/28=

ğŸ‘‰Glow pawor plus-04/26=


â˜ï¸Â Â Â  0940730534",False,,627,0
189021,tikvahpharma,Tikvah | Pharma,2026-01-18T08:49:06+00:00,"18-01-26
Currently available Drugs 


ğŸ’Š. Dicloran tab 50mg
ğŸ“¦ 100pack
â³ Jul-28 
Â Â  5carton diclo with 1carton.Â Â Â  L-Iron attachment 


ğŸ’Š.paracetamol syr
ğŸ“¦ 150bott
â³ Jun-28

ğŸ’Š.L-Iron syrupÂ Â  (Iron+folic acid+
Â Â Â Â Â  VitB12+zinc)
ğŸ“¦ 72 bottles 
â³ Feb-27


ğŸ’Š.Pregabalin 75mg(Neurolin)
ğŸ“¦ 360pack
â³ Dec-27


ğŸ’Š. Co-trimox susp(Iftrim)
ğŸ“¦ 100 bottles 
â³08-27

Cotrimoxazol oral suspensionÂ  attached with L ironÂ  ratio 4:1

ğŸ’Š. Indomethacin 100mg supp
Â Â Â Â Â Â  (Indocor)
ğŸ“¦ 160 pack
â³ 11/2027

ğŸ’Š. Disp. Syringe 3cc
ğŸ“¦ 100 pcs
â³ 01/2029

ğŸ’Š. Disp. Syringe 5cc
ğŸ“¦ 100 pcs
â³ 01/2029

ğŸ’Š. Disp. Syringe 10cc
ğŸ“¦ 100 pcs
â³ 01/2029

ğŸ’Š. Surg. Glove powdered
ğŸ“¦ 50 pairs 
â³ 01/2029
Â Â 
ğŸ’Š. Surg Glove powder free
ğŸ“¦ 50 pairs
â³ 01/2029 

ğŸ’Š. Urine bag 2000ml
ğŸ“¦ 
â³ 4/2029

ğŸ’Š. ECG machine 1212G
Â  *Adopt 10.1 high resolution colour LCD operate by full-touch screen & function buttons.
* ECG that can simultaneously capture & print 12 lead ECG wave forms.
*Auto measurements & auto -interpretation for routine ECG parameters.

ğŸ’Š. Pulse Oximeter finger tip
Â Â Â Â Â Â  Model CMS5OD

ğŸ”°Update Items ğŸ”°

âœ…ï¸Diclofenac 75mg inj (Reyoung)
âœ…ï¸Amoxa 500mg 10*10
âœ…ï¸Ampi cap 500mg 10*10
âœ…ï¸Doxy Cap 100mg 10*10
âœ…ï¸Cloxa 500mg 10*50
âœ…ï¸Ceftra WFI
âœ…ï¸Cefixime syrup 60ml
âœ…ï¸Haemup syrup 200ml 
âœ…ï¸Vancomycin 1gm
âœ…ï¸Dextro syrup
âœ…ï¸Diphen syrup 
âœ…ï¸Moxipile 156mg
âœ…ï¸Moxipile 312mg & 457mg syrup
âœ…ï¸Clavamya 156mg syrup
âœ…ï¸Clavamya 228mg
âœ…ï¸Salbutamol puff
âœ…ï¸Keto shampo 100ml
âœ…ï¸Ns with 6iv and 12iv set
âœ…ï¸Gauze 90*100
âœ…ï¸Syringe...10cc(Discount)
âœ…ï¸Magnus Binocular Microscope 
âœ…ï¸Exam glove powdered & free Discount price

Sinishaw (pharmacist)

Â Â Â  â˜ï¸ :-0911884446
Â Â Â  â˜ï¸Â  :-0903327887",False,,563,1
52251,tenamereja,Medical Information- áŒ¤áŠ“ áˆ˜áˆ¨áŒƒÂ®ï¸ğŸ‡ªğŸ‡¹,2026-01-20T15:16:53+00:00,,True,,288,1
52250,tenamereja,Medical Information- áŒ¤áŠ“ áˆ˜áˆ¨áŒƒÂ®ï¸ğŸ‡ªğŸ‡¹,2026-01-20T12:52:27+00:00,"á‹°áˆ¨áŒƒ 14
Public Health Officer (áŒ¤áŠ“ áˆ˜áŠ°áŠ•áŠ•)
á‹¨áˆáˆ áˆ«á‹á¦ áˆáˆ¥áˆ«á‰… áŒáŒƒáˆ áŠ¥áŠá‰¥áˆ´ áˆ£áˆ­ áˆá‹µáˆ­ á‹ˆáˆ¨á‹³ á‹µá‰¦ áŒ¤áŠ“ áŒ£á‰¢á‹«

áˆ˜á‰€á‹¨áˆ­ á‹¨áˆáˆáˆáŒˆá‹á¦ áŠ¨áˆ°áˆœáŠ• áŒáŒƒáˆá£ áˆáˆ¥áˆ«á‰… á‹ˆá‹­áˆ áˆá‹•áˆ«á‰¥ áŒáŒƒáˆ á‰ áˆ›áŠ•áŠ›á‹áˆ á‰°á‰‹áˆ

á‹°á‹áˆ‰áˆáŠá¦ 0946433681",False,,1892,3
52249,tenamereja,Medical Information- áŒ¤áŠ“ áˆ˜áˆ¨áŒƒÂ®ï¸ğŸ‡ªğŸ‡¹,2026-01-20T10:58:26+00:00,"Vacancy announcement | 
Hiring organization: Medium Clinic 

Work location: Bole nurahera, East shoa zone, Oromia region 
Date of announcement: 12-05-2018
Deadline: Urgent 


Position 
1. General practitioners
â€¢ Education: MD graduate 
â€¢ Experience: 0 year 
â€¢ Required number: 2
â€¢ Salary: Negotiations and atractive 
Â° Afaan Oromo Mandatory

Accommodation: 
Considering he current Inflation 
We will provide 
Â° FreecHouseing 
Â° Free Wifi
Â° Water and Electricity 

How to Apply: Candidates who meet the above requirements can submit relevant documents via telegram adress @Maklove19",False,,2624,1
52248,tenamereja,Medical Information- áŒ¤áŠ“ áˆ˜áˆ¨áŒƒÂ®ï¸ğŸ‡ªğŸ‡¹,2026-01-20T07:15:06+00:00,"Urgent vacancy
Hiring: Adiam speciality dental clinc

Required position
1. Nurse 
â€¢ Education: Diploma/degree nurse 
COC qualified female Nurses for dental clinic 
â€¢ Experience: 0year and above
â€¢ Job type: Fulltime
â€¢ Salary: Negotiations

Clinic Address:- Summit 72, Addis Ababa
Contact no.:-Â  0947167777


NB: 
â€¢ Applicants should be nearby residents to the clinic address 

HOW TO APPLY: candidates who meet the above requirements can submit relevant documents via the adress provided bellow 
Phone number: 0947167777

Join Here
Join Here
Ask",False,,3266,2
52247,tenamereja,Medical Information- áŒ¤áŠ“ áˆ˜áˆ¨áŒƒÂ®ï¸ğŸ‡ªğŸ‡¹,2026-01-20T05:51:08+00:00,"Attention Everyone,
Registration for the 2018 Mid-Year NGAT is now open.
How to Register: https://youtu.be/TAMj-SCr11c
ğŸ‘‰ Register: https://ngat.ethernet.edu.et
Important notes:
â€¢ Ethiopian applicants must have a National ID (Fayda).
â€¢ There are no specialty categories; the exam is the same for all candidates.
â€¢ Username and password will be available on your dashboard after registration closes.
â€¢ If you face difficulties, refer to the video guide (link in comments).
All updates will be shared here. Stay tuned!
ğŸ‘‡
https://youtu.be/TAMj-SCr11c",True,data\raw\images\tenamereja\52247.jpg,2333,8
52245,tenamereja,Medical Information- áŒ¤áŠ“ áˆ˜áˆ¨áŒƒÂ®ï¸ğŸ‡ªğŸ‡¹,2026-01-19T11:18:26+00:00,,False,,0,0
52244,tenamereja,Medical Information- áŒ¤áŠ“ áˆ˜áˆ¨áŒƒÂ®ï¸ğŸ‡ªğŸ‡¹,2026-01-19T08:49:49+00:00,"ğŸ”¥ ğ™ğ™¥ğ™˜ğ™¤ğ™¢ğ™ğ™£ğ™œ ğ˜¾ğ™‹ğ˜¿ ğ™ğ™§ğ™–ğ™ğ™£ğ™ğ™£ğ™œ (á‰€áŒ£á‹© á‹¨ğ˜¾ğ™‹ğ˜¿ áˆµáˆáŒ áŠ“)   
##############################################
ğŸ“Œ Integrated Emergency Medicine (NIEM) 

*************************************************
ğŸ“ Training beginning date: Fri Jan 23, 2025 (áŒ¥áˆ­ 15á¤ 2018 á‹“.áˆ)

ğŸŒ€ Pre-registration â€“  ongoing for the module, with 15 CEU
 
For more info,  https://t.me/KindsolutionCPD; https://t.me/kindsolution; kindplc.com
ğŸ‘‡ğŸ‘‡ğŸ‘‡ 
ğŸ“0964088888
ğŸ“0974012201
ğŸ“0974013301

ğŸ“ AA, around Megenagna Square Tram Station, Great Commission Building, 5th Floor  (https://maps.app.goo.gl/C3Wt3vbLG9u3W5KSA)

'Kindness + Quality'- Our Priority",True,data\raw\images\tenamereja\52244.jpg,3688,1
52243,tenamereja,Medical Information- áŒ¤áŠ“ áˆ˜áˆ¨áŒƒÂ®ï¸ğŸ‡ªğŸ‡¹,2026-01-19T04:00:15+00:00,"â˜¦
áŠ¥áŠ•áŠ³áŠ• áˆˆá‰¥áˆ­áˆƒáŠ-áŒ¥áˆá‰€á‰± á‰ áˆ°áˆ‹áˆ áŠ á‹°áˆ¨áˆ°áŠ•!",False,,4761,0
52242,tenamereja,Medical Information- áŒ¤áŠ“ áˆ˜áˆ¨áŒƒÂ®ï¸ğŸ‡ªğŸ‡¹,2026-01-18T18:59:41+00:00,á‰»áŠáˆ‹á‰½áŠ•áŠ• á‰ áˆ˜áŠ¨á‰³á‰°áˆ á‹¨áˆšáˆáˆáŒ‰á‰µáŠ• áˆ˜áˆ¨áŒƒáŠ“ áˆ•áŠ­áˆáŠ“ á‹«áŒáŠ™á£ á‹­áŒ á‹­á‰á¢,False,,5095,0
52240,tenamereja,Medical Information- áŒ¤áŠ“ áˆ˜áˆ¨áŒƒÂ®ï¸ğŸ‡ªğŸ‡¹,2026-01-18T18:00:10+00:00,,False,,0,0
52239,tenamereja,Medical Information- áŒ¤áŠ“ áˆ˜áˆ¨áŒƒÂ®ï¸ğŸ‡ªğŸ‡¹,2026-01-18T10:47:04+00:00,"á‹¶/áˆ­ á‰€áˆˆáˆ˜á‹ˆáˆ­á‰… áˆµá”áˆ»áˆŠá‰² á‹¨áŒ¥áˆ­áˆµ áˆ•áŠ­áˆáŠ“ áŠ­áˆŠáŠ’áŠ­
áŠ á‹µáˆ«áˆ»á¦ áŒáŠ•á‹°áˆ­ áŠ¨á‰°áˆ› á‰€á‰ áˆŒ 18 áŠ¨ááˆáˆªá‹³ áˆ†á‰´áˆ á‹ˆáˆ¨á‹µ á‰¥áˆ 
ğŸ“ 0918289713
Join Hereá¡ ğŸ‘‰ @Dr_KelemeworkDental",True,,6218,1
52238,tenamereja,Medical Information- áŒ¤áŠ“ áˆ˜áˆ¨áŒƒÂ®ï¸ğŸ‡ªğŸ‡¹,2026-01-18T10:42:21+00:00,"á‹ˆáŒˆáŠ• áˆ˜áŒ¥á‰°áŠ“áˆá¤ áŠ á‹²áˆµ áˆ¥áˆ« áŒ€áˆáˆ¨áŠ“áˆá¢ áŠ¥á‹¨áŒˆá‰£á‰½áˆ áŠ á‰ áˆ¨á‰³á‰±áŠ•!
https://www.facebook.com/reel/918181490782749/?app=fbl",True,,5794,0
52237,tenamereja,Medical Information- áŒ¤áŠ“ áˆ˜áˆ¨áŒƒÂ®ï¸ğŸ‡ªğŸ‡¹,2026-01-17T16:45:01+00:00,"á‹¨áˆµáˆ« á‰…áŒ¥áˆ­ áˆ›áˆµá‰³á‹ˆá‰‚á‹« |

á‹µáˆ­áŒ…á‰µ: MITK á‹¨á‰¤á‰µ-áˆˆá‰¤á‰µ á‹¨áŒ¤áŠ“ áŠ¥áŠ•áŠ­á‰¥áŠ«á‰¤ áŠ áŒˆáˆáŒáˆá‰µ 

MITK áŒ¥áˆ«á‰µ á‹«áˆˆá‹ á‹¨áŒ¤áŠ“ áŠ áŒˆáˆáŒáˆá‰µ áˆˆáˆ˜áˆµáŒ á‰µ á‹¨áŠáˆ­áˆµ á‰£áˆˆáˆ™á‹«á‹á‰½áŠ• á‹­áˆáˆáŒ‹áˆá¢

á‹¨áˆ¥áˆ« áˆ˜á‹°á‰¥ áˆ˜áŒ áˆªá‹«: áŠáˆ­áˆµ á•áˆ®áŒáˆ½áŠ“áˆ 
â€¢ á‹¨á‰¦á‰³ á‰¥á‹›á‰µ: 02
â€¢ á†á‰³: áˆ´á‰µ á‰¥á‰» 

á‰°áˆáˆ‹áŒŠ áˆ˜áˆµáˆáˆ­á‰¶á‰½
â€¢ á‹¨á‰µáˆáˆ…áˆ­á‰µ á‹áŒáŒ…á‰µ: áŠ¥á‹á‰…áŠ“ áŠ«áˆˆá‹ á‰°á‰‹áˆ á‹¨áŠáˆ­áˆµ á‹²á•áˆáˆ› á‹ˆá‹­áˆ á‹²áŒáˆª á‰°áˆ˜áˆ«á‰‚á¢
â€¢ áˆáˆá‹µ: 0 á‹“áˆ˜á‰µ áˆáˆá‹µ 
â€¢ áˆ™á‹« áˆá‰ƒá‹µ: á‹¨á‰³á‹°áˆ° á‹¨áˆ™á‹« áˆá‰ƒá‹µ á‹«áˆ‹á‰¸á‹ 

áˆˆáˆ›áˆ˜áˆáŠ¨á‰µ: ááˆ‹áŒá‰µ á‹«áˆ‹á‰¸á‹ áŠ¥áŠ“ á‰¥á‰ áŠ áˆ˜áˆáŠ«á‰¾á‰½ á‹¨áˆ¥áˆ« áˆáˆá‹³á‰¸á‹áŠ• (CV) áŠ¥áŠ“ á‰°á‹«á‹«á‹¥ áˆ›áˆµáˆ¨áŒƒá‹á‰½áŠ• áŠ¨á‹šáˆ… á‰ á‰³á‰½ á‰£áˆˆá‹ á‹¨á‰´áˆŒáŒáˆ«áˆ áŠ á‹µáˆ«áˆ» áˆ˜áˆ‹áŠ­ áŠ áˆˆá‰£á‰¸á‹á¢
ğŸ“± á‰´áˆŒáŒáˆ«áˆ: @Tsaf_sh",False,,5927,6
52236,tenamereja,Medical Information- áŒ¤áŠ“ áˆ˜áˆ¨áŒƒÂ®ï¸ğŸ‡ªğŸ‡¹,2026-01-17T11:21:09+00:00,"CPDÂ Â Â Â Â  ğŸ’¥ áŠ áˆµá‰¸áŠ³á‹­ áˆ›áˆµá‰³á‹ˆá‰‚á‹«

áˆ™á‹« áˆá‰ƒá‹µ áˆ‹áˆ‹áˆ³á‹°áˆ³á‰½áˆÂ  á‹¨áŒ¤áŠ“ á‰£áˆˆáˆ™á‹«á‹á‰½ á‰ áˆ™áˆ‰! ğŸ’¥Â Â  
#CPD áˆµáˆáŒ áŠ“áŠ“ áˆ°áˆ­á‰°ááŠ¬á‰µ áŠ¥áŠ•á‹°áˆšá‹«áˆµáˆáˆáŒ á‹«á‹á‰ƒáˆ‰!!

Â  +251974059645Â  
á‰ áŒ£áˆ #áŠ¨á‰³áˆ‹á‰… á‰…áŠ“áˆ½ áŒ‹áˆ­Â  #á‹¨áˆá‹«_áˆá‰ƒá‹µ_áˆˆáˆ›áˆ³á‹°áˆµ_CPD áŠ áˆáŠ•Â  á‹­áˆ˜á‹áŒˆá‰¡Â Â  

Â  áŠ áˆµá‹°áˆ³á‰½ á‹œáŠ“ #á‹¨áˆ™á‹« áá‰ƒá‹³á‰½áˆáŠ• áˆ‹áˆ‹áˆ³á‹°áˆ³á‰½áˆ á‹¨áŒ¤áŠ“Â  á‰£áˆˆáˆ™á‹«á‹á‰½ á‰ áˆ™áˆ‰ âœ…

CPD Online á‹­áˆ°áˆáŒ¥áŠ‘ áŠ áˆáŠ• á‹­á‹°á‹áˆ‰ á‹­áˆ˜á‹áŒá‰¡Â Â  á‹ˆá‹­áŠ•áˆÂ  á‰ á‰´áˆŒáŒáˆ«áˆ á‹­áˆ˜á‹áŒˆá‰¡ 
Â Â Â Â Â Â Â Â Â Â Â Â Â Â Â Â  Telegram :- @infocpd
Â Â Â Â Â Â Â Â Â Â Â Â Â Â Â Â Â  Call :- +251974059645
Â Â Â  Â Â Â Â Â Â Â Â Â Â Â Â Â Â Â Â Â  
*** áˆ›áˆ³áˆ°á‰¢á‹«Â  á‰°áˆ˜áˆ³áˆ³á‹­ áˆµáˆˆáˆšáŠ–áˆ­Â  á‹¨ áŠ¥áŠ›Â  á‰ áŒ£áˆ á‰…áŠ“áˆ¹ áŠªáˆ°á‹áŠ• á‹¨áˆšá‹«áŒá‹µ á‹¨ áŠ¥áŠ› áŠá‹ !! 
Â Â Â Â Â Â Â Â  (BenefitÂ  packages)
15 CEU=400 BIRR
30 CEU=800Â  BIRR
45 CEU=1000 BIRR
60 CEU=1200 BIRR 
Â Â Â Â Â Â Â Â Â Â Â  
Online CPD TRAINING (All Health Department )

á‰£áˆ‰á‰ á‰µ á‰¦á‰³ áˆ†áŠá‹ áˆµáˆáŒ áŠ“á‹áŠ• á‹­á‹áˆ°á‹± á¡ áˆ°áˆ­á‰µáŒáŠ¬á‰µá‹áŠ• á‰£áˆ‰á‰ á‰µ á‰¦á‰³ á‹­á‰€á‰ áˆ‰
Â Â Â Â Â Â Â Â Â Â Â Â Â  
Â Â Â Â Â Â Â Â Â Â Â Â Â Â  áŠ¨ áˆŒáˆá‰½ áˆá‹©áŠá‰³á‰½áŠ•
ğŸ‘Œ 1áŠ›Â  áˆá‹© á‹¨áˆšá‹«á‹°áˆ­áŒˆáŠ• áŠ¥á‹á‰…áŠ“ á‹«áˆˆáŠ•

Â Â Â  á‰ áŒ¤áŠ“ áˆšáŠ•áˆµá‰´áˆ­ á‰¥á‰¸áŠ› áŠ¥áŠ“ áŠ¥á‹á‰…áŠ“ á‹«áˆˆá‹Â  á‹¨ CPD áˆµáˆáŒ áŠ“á‹á‰½ á‹¨áˆšá‰€áˆ­á‰¡á‰ á‰ á‰µÂ  á‹Œá‰¥áˆ³á‹­á‰µ áŠ¥áŠ•á‹°áˆ†áŠ• á‹«á‹á‰ƒáˆ‰á¢ 

Â Â Â Â Â Â Â  All department (áˆáˆ‰áˆ á‹µá“áˆ­á‰µáˆ˜áŠ•á‰µ)
1. GPÂ Â Â  
2. HOÂ Â  
3. AnsthetsiaÂ  
4. Nurse 
5. MidwifryÂ Â  
6.Pharmacy 
7. Labratory 
8, others health professional 

Â Â Â Â Â  Registration - Ongoing
áˆµáˆáŒ áŠ“á‹áŠ• á‰ á‰°áˆ˜á‰¾á‰µ áŒŠá‹œ á‹­á‹áˆ°á‹±á¤ á‹¨áˆá‹© á‰…áŠ“áˆ½ á‰°áŒ á‰ƒáˆš á‹­áˆáŠ‘á¢

ğŸ‘Œ 2áŠ› áˆá‹© á‹¨áˆšá‹°áˆ­áŒˆáŠ• á‰ á‰³áˆ›áŠáŠá‰µ á‹µáŒ‹á áˆáŠ­áˆ­ áˆ˜áˆµáŒ á‰µ
Â  áˆáˆŒáˆ áˆá‹áŒˆá‰£ áˆáˆŒáˆ áˆµáˆáŒ áŠ“ áŠ áˆˆ
áˆˆáˆµáˆáŒ áŠ“ á‰¥áˆˆá‹‰ áŒŠá‹œ áŒˆáŠ•á‹˜á‰¥á‹áŠ•Â  áŠ á‹«á‰£áŠ­áŠ‘á¢á‰£áˆ‰á‰ á‰µÂ  áˆ†áŠá‹ á‹¨áˆšáˆáˆáŒ‰á‰µáŠ•Â  CEU áŠáŒ¥á‰¦á‰½ áŠ¥áŠ•á‹²á‹«áˆŸáˆ‰ áŠ¥áŠ“áŒá‹›áˆˆáŠ• 

Â Â Â  áˆˆá‰ áˆˆáŒ  áˆ˜áˆ¨áŒƒ áŠ¥áŠ“ á‰²áŠ­áŠ’áŠ«áˆ á‹µáŒ‹á 

Â Â Â Â Â Â Â Â Â Â Â  á‰£áˆ‰á‰ á‰µ áˆ†áŠá‹Â  áŠ áˆáŠ• á‹­á‹°á‹áˆ‰
*** ğŸ‘‰ á‰µáŠ­áŠ­áˆˆáŠ›á‹ áˆµáˆáŠ­ á‰áŒ¥áˆ­ á‹­áˆ„ á‰¥á‰» áŠá‹!!
ğŸ“± +251974059645

áŠ¥áŠ“ á‰  á‰´áˆŒáŒáˆ«áˆÂ  á‹«áŠ“áŒáˆ©áŠ• 
Â  ğŸ‘‰ @Infocpd

á‰²áˆŒáŒáˆ«áˆ áŒáˆ©á• áˆˆáˆ˜á‰€áˆ‹á‰€áˆ
ğŸ‘‰https://t.me/infocpdonlinetraining",False,,6097,5
52235,tenamereja,Medical Information- áŒ¤áŠ“ áˆ˜áˆ¨áŒƒÂ®ï¸ğŸ‡ªğŸ‡¹,2026-01-17T06:21:43+00:00,"áŠ¥áŠ•á‹´á‰µ áˆ˜áˆ˜á‹áŒˆá‰¥ áŠ¥áŠ•á‹³áˆˆá‰¥áŠ•á£ áˆáŠ• áˆáŠ• áŠ¥áŠ•á‹°áˆšá‹«áˆµáˆáˆáŒ á‰ á‹šáˆ… á‰ªá‹²á‹® á‹­áˆ˜áˆáŠ¨á‰±á¢ 
Registration guide: https://youtu.be/TAMj-SCr11c",False,,5732,2
52234,tenamereja,Medical Information- áŒ¤áŠ“ áˆ˜áˆ¨áŒƒÂ®ï¸ğŸ‡ªğŸ‡¹,2026-01-16T19:03:13+00:00,,True,data\raw\images\tenamereja\52234.jpg,6351,1
52233,tenamereja,Medical Information- áŒ¤áŠ“ áˆ˜áˆ¨áŒƒÂ®ï¸ğŸ‡ªğŸ‡¹,2026-01-16T19:03:13+00:00,"Vacancy

ğŸ‘‡
https://youtube.com/@shegaw_marie?si=VwPFh5y6LentQzxB",True,data\raw\images\tenamereja\52233.jpg,6445,1
52232,tenamereja,Medical Information- áŒ¤áŠ“ áˆ˜áˆ¨áŒƒÂ®ï¸ğŸ‡ªğŸ‡¹,2026-01-16T18:07:39+00:00,"40K á‰¤á‰°áˆ°á‰¥ á‹­á‹¤ á‹­áŠ¼áŠ•áŠ• á‹©á‰²á‹©á‰¤áŠ• áˆ°á‰¥áˆµáŠ­áˆ«á‹­á‰¥ á‹«á‹°áˆ¨áŒˆáˆáŠ 1K áˆ°á‹ á‰¥á‰» áŠá‹á¢

á‰¥áˆ áˆ«á£ á‰£á‹µáŒ á‹­áŠ¨á‹á‰½áŠ‹áˆ? áŠ¥áŠ•á‹°áŒ‹áŒˆáá¢ á‹«á‹°áˆˆá‹ áŠ«áˆœáˆ« áŒˆá‹á‰¶ á‹­áˆ áŒ£áˆğŸ˜‚

ğŸ‘‡
https://youtube.com/@shegaw_marie?si=VwPFh5y6LentQzxB",False,,6788,2
52231,tenamereja,Medical Information- áŒ¤áŠ“ áˆ˜áˆ¨áŒƒÂ®ï¸ğŸ‡ªğŸ‡¹,2026-01-16T17:40:22+00:00,,False,,0,0
52230,tenamereja,Medical Information- áŒ¤áŠ“ áˆ˜áˆ¨áŒƒÂ®ï¸ğŸ‡ªğŸ‡¹,2026-01-16T17:39:55+00:00,"Attention Everyone,
Registration for the 2018 Mid-Year NGAT is now open.
How to Register: https://youtu.be/TAMj-SCr11c
ğŸ‘‰ Register: https://ngat.ethernet.edu.et
Important notes:
â€¢ Ethiopian applicants must have a National ID (Fayda).
â€¢ There are no specialty categories; the exam is the same for all candidates.
â€¢ Username and password will be available on your dashboard after registration closes.
â€¢ If you face difficulties, refer to the video guide (link in comments).
All updates will be shared here. Stay tuned!
ğŸ‘‡
https://youtu.be/TAMj-SCr11c",True,data\raw\images\tenamereja\52230.jpg,2373,10
52229,tenamereja,Medical Information- áŒ¤áŠ“ áˆ˜áˆ¨áŒƒÂ®ï¸ğŸ‡ªğŸ‡¹,2026-01-16T16:43:07+00:00,,True,data\raw\images\tenamereja\52229.jpg,5634,13
52228,tenamereja,Medical Information- áŒ¤áŠ“ áˆ˜áˆ¨áŒƒÂ®ï¸ğŸ‡ªğŸ‡¹,2026-01-16T16:43:07+00:00,,True,data\raw\images\tenamereja\52228.jpg,5881,15
52227,tenamereja,Medical Information- áŒ¤áŠ“ áˆ˜áˆ¨áŒƒÂ®ï¸ğŸ‡ªğŸ‡¹,2026-01-16T16:43:07+00:00,,True,data\raw\images\tenamereja\52227.jpg,5680,13
52226,tenamereja,Medical Information- áŒ¤áŠ“ áˆ˜áˆ¨áŒƒÂ®ï¸ğŸ‡ªğŸ‡¹,2026-01-16T16:43:07+00:00,,True,data\raw\images\tenamereja\52226.jpg,5191,13
52225,tenamereja,Medical Information- áŒ¤áŠ“ áˆ˜áˆ¨áŒƒÂ®ï¸ğŸ‡ªğŸ‡¹,2026-01-16T16:43:07+00:00,,True,data\raw\images\tenamereja\52225.jpg,5295,13
52224,tenamereja,Medical Information- áŒ¤áŠ“ áˆ˜áˆ¨áŒƒÂ®ï¸ğŸ‡ªğŸ‡¹,2026-01-16T16:43:07+00:00,,True,data\raw\images\tenamereja\52224.jpg,5312,16
52223,tenamereja,Medical Information- áŒ¤áŠ“ áˆ˜áˆ¨áŒƒÂ®ï¸ğŸ‡ªğŸ‡¹,2026-01-16T16:43:07+00:00,"á‰£áˆ•áˆ­á‹³áˆ­ á‹©áŠ’á‰¨áˆ­áˆ²á‰²
Via Loza Jobs
@tenamereja",True,data\raw\images\tenamereja\52223.jpg,5219,11
52222,tenamereja,Medical Information- áŒ¤áŠ“ áˆ˜áˆ¨áŒƒÂ®ï¸ğŸ‡ªğŸ‡¹,2026-01-16T14:12:40+00:00,"á•áˆ®áŒáˆ«áˆ
Registration guide: https://youtu.be/TAMj-SCr11c

@tenamereja",True,data\raw\images\tenamereja\52222.jpg,6078,13
52221,tenamereja,Medical Information- áŒ¤áŠ“ áˆ˜áˆ¨áŒƒÂ®ï¸ğŸ‡ªğŸ‡¹,2026-01-16T13:03:27+00:00,Registration guide: https://youtu.be/TAMj-SCr11c,False,,5324,0
52220,tenamereja,Medical Information- áŒ¤áŠ“ áˆ˜áˆ¨áŒƒÂ®ï¸ğŸ‡ªğŸ‡¹,2026-01-16T12:45:31+00:00,ğŸ˜­ğŸ’”,True,data\raw\images\tenamereja\52220.jpg,5571,3
